County,FileNumber,Measure Names,ProviderName,Measure Values
ALACHUA,100113,Bed Census,UF HEALTH SHANDS HOSPITAL,820
ALACHUA,100113,Available,UF HEALTH SHANDS HOSPITAL,226
ALACHUA,100113,Available Capacity,UF HEALTH SHANDS HOSPITAL,0.216061185
ALACHUA,100113,Total Staffed Bed Capacity,UF HEALTH SHANDS HOSPITAL,"1,046"
ALACHUA,100204,Bed Census,NORTH FLORIDA REGIONAL MEDICAL CENTER,426
ALACHUA,100204,Available,NORTH FLORIDA REGIONAL MEDICAL CENTER,54
ALACHUA,100204,Available Capacity,NORTH FLORIDA REGIONAL MEDICAL CENTER,0.1125
ALACHUA,100204,Total Staffed Bed Capacity,NORTH FLORIDA REGIONAL MEDICAL CENTER,480
ALACHUA,110025,Bed Census,UF HEALTH REHAB HOSPITAL,35
ALACHUA,110025,Available,UF HEALTH REHAB HOSPITAL,25
ALACHUA,110025,Available Capacity,UF HEALTH REHAB HOSPITAL,0.416666667
ALACHUA,110025,Total Staffed Bed Capacity,UF HEALTH REHAB HOSPITAL,60
ALACHUA,120011,Bed Census,UF HEALTH SHANDS PSYCHIATRIC HOSPITAL,62
ALACHUA,120011,Available,UF HEALTH SHANDS PSYCHIATRIC HOSPITAL,19
ALACHUA,120011,Available Capacity,UF HEALTH SHANDS PSYCHIATRIC HOSPITAL,0.234567901
ALACHUA,120011,Total Staffed Bed Capacity,UF HEALTH SHANDS PSYCHIATRIC HOSPITAL,81
ALACHUA,23960071,Bed Census,SELECT SPECIALTY HOSPITAL GAINESVILLE,41
ALACHUA,23960071,Available,SELECT SPECIALTY HOSPITAL GAINESVILLE,7
ALACHUA,23960071,Available Capacity,SELECT SPECIALTY HOSPITAL GAINESVILLE,0.145833333
ALACHUA,23960071,Total Staffed Bed Capacity,SELECT SPECIALTY HOSPITAL GAINESVILLE,48
BAKER,100134,Bed Census,ED FRASER MEMORIAL HOSPITAL,9
BAKER,100134,Available,ED FRASER MEMORIAL HOSPITAL,3
BAKER,100134,Available Capacity,ED FRASER MEMORIAL HOSPITAL,0.25
BAKER,100134,Total Staffed Bed Capacity,ED FRASER MEMORIAL HOSPITAL,12
BAKER,104007,Bed Census,NORTHEAST FLORIDA STATE HOSPITAL,518
BAKER,104007,Available,NORTHEAST FLORIDA STATE HOSPITAL,95
BAKER,104007,Available Capacity,NORTHEAST FLORIDA STATE HOSPITAL,0.154975530
BAKER,104007,Total Staffed Bed Capacity,NORTHEAST FLORIDA STATE HOSPITAL,613
BAY,100026,Bed Census,ASCENSION SACRED HEART BAY,113
BAY,100026,Available,ASCENSION SACRED HEART BAY,33
BAY,100026,Available Capacity,ASCENSION SACRED HEART BAY,0.226027397
BAY,100026,Total Staffed Bed Capacity,ASCENSION SACRED HEART BAY,146
BAY,100242,Bed Census,GULF COAST REGIONAL MEDICAL CENTER,175
BAY,100242,Available,GULF COAST REGIONAL MEDICAL CENTER,54
BAY,100242,Available Capacity,GULF COAST REGIONAL MEDICAL CENTER,0.235807860
BAY,100242,Total Staffed Bed Capacity,GULF COAST REGIONAL MEDICAL CENTER,229
BAY,110034,Bed Census,EMERALD COAST BEHAVIORAL HOSPITAL,61
BAY,110034,Available,EMERALD COAST BEHAVIORAL HOSPITAL,25
BAY,110034,Available Capacity,EMERALD COAST BEHAVIORAL HOSPITAL,0.290697674
BAY,110034,Total Staffed Bed Capacity,EMERALD COAST BEHAVIORAL HOSPITAL,86
BAY,23960013,Bed Census,ENCOMPASS HEALTH REHABILITATION HOSPITAL OF PANAMA CITY,49
BAY,23960013,Available,ENCOMPASS HEALTH REHABILITATION HOSPITAL OF PANAMA CITY,7
BAY,23960013,Available Capacity,ENCOMPASS HEALTH REHABILITATION HOSPITAL OF PANAMA CITY,0.125
BAY,23960013,Total Staffed Bed Capacity,ENCOMPASS HEALTH REHABILITATION HOSPITAL OF PANAMA CITY,56
BAY,23960045,Bed Census,SELECT SPECIALTY HOSPITAL - PANAMA CITY,27
BAY,23960045,Available,SELECT SPECIALTY HOSPITAL - PANAMA CITY,3
BAY,23960045,Available Capacity,SELECT SPECIALTY HOSPITAL - PANAMA CITY,0.1
BAY,23960045,Total Staffed Bed Capacity,SELECT SPECIALTY HOSPITAL - PANAMA CITY,30
BRADFORD,100103,Bed Census,NORTH FLORIDA REGIONAL MEDICAL CENTER STARKE CAMPUS,5
BRADFORD,100103,Available,NORTH FLORIDA REGIONAL MEDICAL CENTER STARKE CAMPUS,5
BRADFORD,100103,Available Capacity,NORTH FLORIDA REGIONAL MEDICAL CENTER STARKE CAMPUS,0.5
BRADFORD,100103,Total Staffed Bed Capacity,NORTH FLORIDA REGIONAL MEDICAL CENTER STARKE CAMPUS,10
BREVARD,100019,Bed Census,HOLMES REGIONAL MEDICAL CENTER,358
BREVARD,100019,Available,HOLMES REGIONAL MEDICAL CENTER,125
BREVARD,100019,Available Capacity,HOLMES REGIONAL MEDICAL CENTER,0.258799172
BREVARD,100019,Total Staffed Bed Capacity,HOLMES REGIONAL MEDICAL CENTER,483
BREVARD,100028,Bed Census,PARRISH MEDICAL CENTER,108
BREVARD,100028,Available,PARRISH MEDICAL CENTER,69
BREVARD,100028,Available Capacity,PARRISH MEDICAL CENTER,0.389830508
BREVARD,100028,Total Staffed Bed Capacity,PARRISH MEDICAL CENTER,177
BREVARD,100092,Bed Census,ROCKLEDGE REGIONAL MEDICAL CENTER,148
BREVARD,100092,Available,ROCKLEDGE REGIONAL MEDICAL CENTER,50
BREVARD,100092,Available Capacity,ROCKLEDGE REGIONAL MEDICAL CENTER,0.252525253
BREVARD,100092,Total Staffed Bed Capacity,ROCKLEDGE REGIONAL MEDICAL CENTER,198
BREVARD,100177,Bed Census,CAPE CANAVERAL HOSPITAL,62
BREVARD,100177,Available,CAPE CANAVERAL HOSPITAL,78
BREVARD,100177,Available Capacity,CAPE CANAVERAL HOSPITAL,0.557142857
BREVARD,100177,Total Staffed Bed Capacity,CAPE CANAVERAL HOSPITAL,140
BREVARD,104024,Bed Census,"CIRCLES OF CARE, INC",32
BREVARD,104024,Available,"CIRCLES OF CARE, INC",20
BREVARD,104024,Available Capacity,"CIRCLES OF CARE, INC",0.384615385
BREVARD,104024,Total Staffed Bed Capacity,"CIRCLES OF CARE, INC",52
BREVARD,110027,Bed Census,SEA PINES REHABILITATION HOSPITAL AFFILIATE OF ENCOMPASS HEALTH,53
BREVARD,110027,Available,SEA PINES REHABILITATION HOSPITAL AFFILIATE OF ENCOMPASS HEALTH,7
BREVARD,110027,Available Capacity,SEA PINES REHABILITATION HOSPITAL AFFILIATE OF ENCOMPASS HEALTH,0.116666667
BREVARD,110027,Total Staffed Bed Capacity,SEA PINES REHABILITATION HOSPITAL AFFILIATE OF ENCOMPASS HEALTH,60
BREVARD,110036,Bed Census,DEVEREUX FLORIDA,100
BREVARD,110036,Available,DEVEREUX FLORIDA,0
BREVARD,110036,Available Capacity,DEVEREUX FLORIDA,0
BREVARD,110036,Total Staffed Bed Capacity,DEVEREUX FLORIDA,100
BREVARD,120007,Bed Census,PALM BAY HOSPITAL,71
BREVARD,120007,Available,PALM BAY HOSPITAL,44
BREVARD,120007,Available Capacity,PALM BAY HOSPITAL,0.382608696
BREVARD,120007,Total Staffed Bed Capacity,PALM BAY HOSPITAL,115
BREVARD,23960034,Bed Census,MELBOURNE REGIONAL MEDICAL CENTER,36
BREVARD,23960034,Available,MELBOURNE REGIONAL MEDICAL CENTER,69
BREVARD,23960034,Available Capacity,MELBOURNE REGIONAL MEDICAL CENTER,0.657142857
BREVARD,23960034,Total Staffed Bed Capacity,MELBOURNE REGIONAL MEDICAL CENTER,105
BREVARD,23960090,Bed Census,KINDRED HOSPITAL MELBOURNE,42
BREVARD,23960090,Available,KINDRED HOSPITAL MELBOURNE,18
BREVARD,23960090,Available Capacity,KINDRED HOSPITAL MELBOURNE,0.3
BREVARD,23960090,Total Staffed Bed Capacity,KINDRED HOSPITAL MELBOURNE,60
BREVARD,23960092,Bed Census,VIERA HOSPITAL,58
BREVARD,23960092,Available,VIERA HOSPITAL,26
BREVARD,23960092,Available Capacity,VIERA HOSPITAL,0.309523810
BREVARD,23960092,Total Staffed Bed Capacity,VIERA HOSPITAL,84
BREVARD,23960153,Bed Census,PALM POINT BEHAVIORAL HEALTH,29
BREVARD,23960153,Available,PALM POINT BEHAVIORAL HEALTH,15
BREVARD,23960153,Available Capacity,PALM POINT BEHAVIORAL HEALTH,0.340909091
BREVARD,23960153,Total Staffed Bed Capacity,PALM POINT BEHAVIORAL HEALTH,44
BROWARD,100038,Bed Census,MEMORIAL REGIONAL HOSPITAL,538
BROWARD,100038,Available,MEMORIAL REGIONAL HOSPITAL,234
BROWARD,100038,Available Capacity,MEMORIAL REGIONAL HOSPITAL,0.303108808
BROWARD,100038,Total Staffed Bed Capacity,MEMORIAL REGIONAL HOSPITAL,772
BROWARD,100039,Bed Census,BROWARD HEALTH MEDICAL CENTER,389
BROWARD,100039,Available,BROWARD HEALTH MEDICAL CENTER,29
BROWARD,100039,Available Capacity,BROWARD HEALTH MEDICAL CENTER,0.069377990
BROWARD,100039,Total Staffed Bed Capacity,BROWARD HEALTH MEDICAL CENTER,418
BROWARD,100042,Bed Census,KINDRED HOSPITAL-SOUTH FLORIDA-HOLLYWOOD,82
BROWARD,100042,Available,KINDRED HOSPITAL-SOUTH FLORIDA-HOLLYWOOD,37
BROWARD,100042,Available Capacity,KINDRED HOSPITAL-SOUTH FLORIDA-HOLLYWOOD,0.310924370
BROWARD,100042,Total Staffed Bed Capacity,KINDRED HOSPITAL-SOUTH FLORIDA-HOLLYWOOD,119
BROWARD,100056,Bed Census,CLEVELAND CLINIC HOSPITAL,396
BROWARD,100056,Available,CLEVELAND CLINIC HOSPITAL,64
BROWARD,100056,Available Capacity,CLEVELAND CLINIC HOSPITAL,0.139130435
BROWARD,100056,Total Staffed Bed Capacity,CLEVELAND CLINIC HOSPITAL,460
BROWARD,100073,Bed Census,HOLY CROSS HOSPITAL,210
BROWARD,100073,Available,HOLY CROSS HOSPITAL,138
BROWARD,100073,Available Capacity,HOLY CROSS HOSPITAL,0.396551724
BROWARD,100073,Total Staffed Bed Capacity,HOLY CROSS HOSPITAL,348
BROWARD,100086,Bed Census,BROWARD HEALTH NORTH,213
BROWARD,100086,Available,BROWARD HEALTH NORTH,8
BROWARD,100086,Available Capacity,BROWARD HEALTH NORTH,0.036199095
BROWARD,100086,Total Staffed Bed Capacity,BROWARD HEALTH NORTH,221
BROWARD,100120,Bed Census,KINDRED HOSPITAL-SOUTH FLORIDA-FT LAUDERDALE,46
BROWARD,100120,Available,KINDRED HOSPITAL-SOUTH FLORIDA-FT LAUDERDALE,17
BROWARD,100120,Available Capacity,KINDRED HOSPITAL-SOUTH FLORIDA-FT LAUDERDALE,0.269841270
BROWARD,100120,Total Staffed Bed Capacity,KINDRED HOSPITAL-SOUTH FLORIDA-FT LAUDERDALE,63
BROWARD,100167,Bed Census,PLANTATION GENERAL HOSPITAL,134
BROWARD,100167,Available,PLANTATION GENERAL HOSPITAL,106
BROWARD,100167,Available Capacity,PLANTATION GENERAL HOSPITAL,0.441666667
BROWARD,100167,Total Staffed Bed Capacity,PLANTATION GENERAL HOSPITAL,240
BROWARD,100189,Bed Census,NORTHWEST MEDICAL CENTER,190
BROWARD,100189,Available,NORTHWEST MEDICAL CENTER,100
BROWARD,100189,Available Capacity,NORTHWEST MEDICAL CENTER,0.344827586
BROWARD,100189,Total Staffed Bed Capacity,NORTHWEST MEDICAL CENTER,290
BROWARD,100200,Bed Census,BROWARD HEALTH IMPERIAL POINT,122
BROWARD,100200,Available,BROWARD HEALTH IMPERIAL POINT,8
BROWARD,100200,Available Capacity,BROWARD HEALTH IMPERIAL POINT,0.061538462
BROWARD,100200,Total Staffed Bed Capacity,BROWARD HEALTH IMPERIAL POINT,130
BROWARD,100210,Bed Census,FLORIDA MEDICAL CENTER - A CAMPUS OF NORTH SHORE,146
BROWARD,100210,Available,FLORIDA MEDICAL CENTER - A CAMPUS OF NORTH SHORE,42
BROWARD,100210,Available Capacity,FLORIDA MEDICAL CENTER - A CAMPUS OF NORTH SHORE,0.223404255
BROWARD,100210,Total Staffed Bed Capacity,FLORIDA MEDICAL CENTER - A CAMPUS OF NORTH SHORE,188
BROWARD,100224,Bed Census,UNIVERSITY HOSPITAL AND MEDICAL CENTER,142
BROWARD,100224,Available,UNIVERSITY HOSPITAL AND MEDICAL CENTER,175
BROWARD,100224,Available Capacity,UNIVERSITY HOSPITAL AND MEDICAL CENTER,0.552050473
BROWARD,100224,Total Staffed Bed Capacity,UNIVERSITY HOSPITAL AND MEDICAL CENTER,317
BROWARD,100225,Bed Census,MEMORIAL REGIONAL HOSPITAL SOUTH,89
BROWARD,100225,Available,MEMORIAL REGIONAL HOSPITAL SOUTH,30
BROWARD,100225,Available Capacity,MEMORIAL REGIONAL HOSPITAL SOUTH,0.252100840
BROWARD,100225,Total Staffed Bed Capacity,MEMORIAL REGIONAL HOSPITAL SOUTH,119
BROWARD,100228,Bed Census,WESTSIDE REGIONAL MEDICAL CENTER,185
BROWARD,100228,Available,WESTSIDE REGIONAL MEDICAL CENTER,65
BROWARD,100228,Available Capacity,WESTSIDE REGIONAL MEDICAL CENTER,0.26
BROWARD,100228,Total Staffed Bed Capacity,WESTSIDE REGIONAL MEDICAL CENTER,250
BROWARD,100230,Bed Census,MEMORIAL HOSPITAL PEMBROKE,145
BROWARD,100230,Available,MEMORIAL HOSPITAL PEMBROKE,7
BROWARD,100230,Available Capacity,MEMORIAL HOSPITAL PEMBROKE,0.046052632
BROWARD,100230,Total Staffed Bed Capacity,MEMORIAL HOSPITAL PEMBROKE,152
BROWARD,103027,Bed Census,ST ANTHONY'S REHABILITATION HOSPITAL,10
BROWARD,103027,Available,ST ANTHONY'S REHABILITATION HOSPITAL,16
BROWARD,103027,Available Capacity,ST ANTHONY'S REHABILITATION HOSPITAL,0.615384615
BROWARD,103027,Total Staffed Bed Capacity,ST ANTHONY'S REHABILITATION HOSPITAL,26
BROWARD,103028,Bed Census,ENCOMPASS HEALTH REHABILITATION HOSPITAL OF SUNRISE,74
BROWARD,103028,Available,ENCOMPASS HEALTH REHABILITATION HOSPITAL OF SUNRISE,36
BROWARD,103028,Available Capacity,ENCOMPASS HEALTH REHABILITATION HOSPITAL OF SUNRISE,0.327272727
BROWARD,103028,Total Staffed Bed Capacity,ENCOMPASS HEALTH REHABILITATION HOSPITAL OF SUNRISE,110
BROWARD,104001,Bed Census,SOUTH FLORIDA STATE HOSPITAL,307
BROWARD,104001,Available,SOUTH FLORIDA STATE HOSPITAL,0
BROWARD,104001,Available Capacity,SOUTH FLORIDA STATE HOSPITAL,0
BROWARD,104001,Total Staffed Bed Capacity,SOUTH FLORIDA STATE HOSPITAL,307
BROWARD,104015,Bed Census,LARKIN COMMUNITY HOSPITAL BEHAVIORAL HEALTH SERVICES,39
BROWARD,104015,Available,LARKIN COMMUNITY HOSPITAL BEHAVIORAL HEALTH SERVICES,11
BROWARD,104015,Available Capacity,LARKIN COMMUNITY HOSPITAL BEHAVIORAL HEALTH SERVICES,0.22
BROWARD,104015,Total Staffed Bed Capacity,LARKIN COMMUNITY HOSPITAL BEHAVIORAL HEALTH SERVICES,50
BROWARD,104026,Bed Census,FORT LAUDERDALE BEHAVIORAL HEALTH CENTER,92
BROWARD,104026,Available,FORT LAUDERDALE BEHAVIORAL HEALTH CENTER,2
BROWARD,104026,Available Capacity,FORT LAUDERDALE BEHAVIORAL HEALTH CENTER,0.021276596
BROWARD,104026,Total Staffed Bed Capacity,FORT LAUDERDALE BEHAVIORAL HEALTH CENTER,94
BROWARD,110019,Bed Census,BROWARD HEALTH CORAL SPRINGS,142
BROWARD,110019,Available,BROWARD HEALTH CORAL SPRINGS,19
BROWARD,110019,Available Capacity,BROWARD HEALTH CORAL SPRINGS,0.118012422
BROWARD,110019,Total Staffed Bed Capacity,BROWARD HEALTH CORAL SPRINGS,161
BROWARD,111527,Bed Census,MEMORIAL HOSPITAL WEST,348
BROWARD,111527,Available,MEMORIAL HOSPITAL WEST,43
BROWARD,111527,Available Capacity,MEMORIAL HOSPITAL WEST,0.109974425
BROWARD,111527,Total Staffed Bed Capacity,MEMORIAL HOSPITAL WEST,391
BROWARD,23960050,Bed Census,MEMORIAL HOSPITAL MIRAMAR,118
BROWARD,23960050,Available,MEMORIAL HOSPITAL MIRAMAR,60
BROWARD,23960050,Available Capacity,MEMORIAL HOSPITAL MIRAMAR,0.337078652
BROWARD,23960050,Total Staffed Bed Capacity,MEMORIAL HOSPITAL MIRAMAR,178
CALHOUN,100112,Bed Census,CALHOUN-LIBERTY HOSPITAL,18
CALHOUN,100112,Available,CALHOUN-LIBERTY HOSPITAL,0
CALHOUN,100112,Available Capacity,CALHOUN-LIBERTY HOSPITAL,0
CALHOUN,100112,Total Staffed Bed Capacity,CALHOUN-LIBERTY HOSPITAL,18
CHARLOTTE,100047,Bed Census,BAYFRONT HEALTH PUNTA GORDA,103
CHARLOTTE,100047,Available,BAYFRONT HEALTH PUNTA GORDA,24
CHARLOTTE,100047,Available Capacity,BAYFRONT HEALTH PUNTA GORDA,0.188976378
CHARLOTTE,100047,Total Staffed Bed Capacity,BAYFRONT HEALTH PUNTA GORDA,127
CHARLOTTE,100077,Bed Census,BAYFRONT HEALTH PORT CHARLOTTE,149
CHARLOTTE,100077,Available,BAYFRONT HEALTH PORT CHARLOTTE,84
CHARLOTTE,100077,Available Capacity,BAYFRONT HEALTH PORT CHARLOTTE,0.360515021
CHARLOTTE,100077,Total Staffed Bed Capacity,BAYFRONT HEALTH PORT CHARLOTTE,233
CHARLOTTE,100236,Bed Census,FAWCETT MEMORIAL HOSPITAL,153
CHARLOTTE,100236,Available,FAWCETT MEMORIAL HOSPITAL,100
CHARLOTTE,100236,Available Capacity,FAWCETT MEMORIAL HOSPITAL,0.395256917
CHARLOTTE,100236,Total Staffed Bed Capacity,FAWCETT MEMORIAL HOSPITAL,253
CITRUS,100023,Bed Census,CITRUS MEMORIAL HOSPITAL,150
CITRUS,100023,Available,CITRUS MEMORIAL HOSPITAL,54
CITRUS,100023,Available Capacity,CITRUS MEMORIAL HOSPITAL,0.264705882
CITRUS,100023,Total Staffed Bed Capacity,CITRUS MEMORIAL HOSPITAL,204
CITRUS,100249,Bed Census,BAYFRONT HEALTH SEVEN RIVERS,78
CITRUS,100249,Available,BAYFRONT HEALTH SEVEN RIVERS,16
CITRUS,100249,Available Capacity,BAYFRONT HEALTH SEVEN RIVERS,0.170212766
CITRUS,100249,Total Staffed Bed Capacity,BAYFRONT HEALTH SEVEN RIVERS,94
CLAY,100016,Bed Census,KINDRED HOSPITAL-NORTH FLORIDA,58
CLAY,100016,Available,KINDRED HOSPITAL-NORTH FLORIDA,15
CLAY,100016,Available Capacity,KINDRED HOSPITAL-NORTH FLORIDA,0.205479452
CLAY,100016,Total Staffed Bed Capacity,KINDRED HOSPITAL-NORTH FLORIDA,73
CLAY,100226,Bed Census,ORANGE PARK MEDICAL CENTER,327
CLAY,100226,Available,ORANGE PARK MEDICAL CENTER,32
CLAY,100226,Available Capacity,ORANGE PARK MEDICAL CENTER,0.089136490
CLAY,100226,Total Staffed Bed Capacity,ORANGE PARK MEDICAL CENTER,359
CLAY,23960117,Bed Census,ASCENSION ST VINCENT'S CLAY COUNTY,101
CLAY,23960117,Available,ASCENSION ST VINCENT'S CLAY COUNTY,33
CLAY,23960117,Available Capacity,ASCENSION ST VINCENT'S CLAY COUNTY,0.246268657
CLAY,23960117,Total Staffed Bed Capacity,ASCENSION ST VINCENT'S CLAY COUNTY,134
COLLIER,100018,Bed Census,NAPLES COMMUNITY HOSPITAL,242
COLLIER,100018,Available,NAPLES COMMUNITY HOSPITAL,21
COLLIER,100018,Available Capacity,NAPLES COMMUNITY HOSPITAL,0.079847909
COLLIER,100018,Total Staffed Bed Capacity,NAPLES COMMUNITY HOSPITAL,263
COLLIER,110043,Bed Census,"WILLOUGH AT NAPLES, THE",62
COLLIER,110043,Available,"WILLOUGH AT NAPLES, THE",25
COLLIER,110043,Available Capacity,"WILLOUGH AT NAPLES, THE",0.287356322
COLLIER,110043,Total Staffed Bed Capacity,"WILLOUGH AT NAPLES, THE",87
COLLIER,120006,Bed Census,NCH HEALTHCARE SYSTEM NORTH NAPLES HOSPITAL CAMPUS,203
COLLIER,120006,Available,NCH HEALTHCARE SYSTEM NORTH NAPLES HOSPITAL CAMPUS,40
COLLIER,120006,Available Capacity,NCH HEALTHCARE SYSTEM NORTH NAPLES HOSPITAL CAMPUS,0.164609053
COLLIER,120006,Total Staffed Bed Capacity,NCH HEALTHCARE SYSTEM NORTH NAPLES HOSPITAL CAMPUS,243
COLLIER,23960025,Bed Census,PHYSICIANS REGIONAL MEDICAL CENTER - PINE RIDGE,109
COLLIER,23960025,Available,PHYSICIANS REGIONAL MEDICAL CENTER - PINE RIDGE,0
COLLIER,23960025,Available Capacity,PHYSICIANS REGIONAL MEDICAL CENTER - PINE RIDGE,0
COLLIER,23960025,Total Staffed Bed Capacity,PHYSICIANS REGIONAL MEDICAL CENTER - PINE RIDGE,109
COLLIER,23960057,Bed Census,PHYSICIANS REGIONAL MEDICAL CENTER - COLLIER,84
COLLIER,23960057,Available,PHYSICIANS REGIONAL MEDICAL CENTER - COLLIER,16
COLLIER,23960057,Available Capacity,PHYSICIANS REGIONAL MEDICAL CENTER - COLLIER,0.16
COLLIER,23960057,Total Staffed Bed Capacity,PHYSICIANS REGIONAL MEDICAL CENTER - COLLIER,100
COLLIER,23960116,Bed Census,LANDMARK HOSPITAL OF SOUTHWEST FLORIDA,30
COLLIER,23960116,Available,LANDMARK HOSPITAL OF SOUTHWEST FLORIDA,20
COLLIER,23960116,Available Capacity,LANDMARK HOSPITAL OF SOUTHWEST FLORIDA,0.4
COLLIER,23960116,Total Staffed Bed Capacity,LANDMARK HOSPITAL OF SOUTHWEST FLORIDA,50
COLUMBIA,100156,Bed Census,LAKE CITY MEDICAL CENTER,101
COLUMBIA,100156,Available,LAKE CITY MEDICAL CENTER,0
COLUMBIA,100156,Available Capacity,LAKE CITY MEDICAL CENTER,0
COLUMBIA,100156,Total Staffed Bed Capacity,LAKE CITY MEDICAL CENTER,101
DESOTO,100175,Bed Census,DESOTO MEMORIAL HOSPITAL,46
DESOTO,100175,Available,DESOTO MEMORIAL HOSPITAL,16
DESOTO,100175,Available Capacity,DESOTO MEMORIAL HOSPITAL,0.258064516
DESOTO,100175,Total Staffed Bed Capacity,DESOTO MEMORIAL HOSPITAL,62
DUVAL,100001,Bed Census,UF HEALTH JACKSONVILLE,504
DUVAL,100001,Available,UF HEALTH JACKSONVILLE,99
DUVAL,100001,Available Capacity,UF HEALTH JACKSONVILLE,0.164179104
DUVAL,100001,Total Staffed Bed Capacity,UF HEALTH JACKSONVILLE,603
DUVAL,100040,Bed Census,ASCENSION ST VINCENT'S RIVERSIDE,284
DUVAL,100040,Available,ASCENSION ST VINCENT'S RIVERSIDE,228
DUVAL,100040,Available Capacity,ASCENSION ST VINCENT'S RIVERSIDE,0.4453125
DUVAL,100040,Total Staffed Bed Capacity,ASCENSION ST VINCENT'S RIVERSIDE,512
DUVAL,100088,Bed Census,BAPTIST MEDICAL CENTER JACKSONVILLE,366
DUVAL,100088,Available,BAPTIST MEDICAL CENTER JACKSONVILLE,118
DUVAL,100088,Available Capacity,BAPTIST MEDICAL CENTER JACKSONVILLE,0.243801653
DUVAL,100088,Total Staffed Bed Capacity,BAPTIST MEDICAL CENTER JACKSONVILLE,484
DUVAL,100117,Bed Census,BAPTIST MEDICAL CENTER - BEACHES,100
DUVAL,100117,Available,BAPTIST MEDICAL CENTER - BEACHES,50
DUVAL,100117,Available Capacity,BAPTIST MEDICAL CENTER - BEACHES,0.333333333
DUVAL,100117,Total Staffed Bed Capacity,BAPTIST MEDICAL CENTER - BEACHES,150
DUVAL,100151,Bed Census,MAYO CLINIC,223
DUVAL,100151,Available,MAYO CLINIC,81
DUVAL,100151,Available Capacity,MAYO CLINIC,0.266447368
DUVAL,100151,Total Staffed Bed Capacity,MAYO CLINIC,304
DUVAL,100179,Bed Census,MEMORIAL HOSPITAL JACKSONVILLE,307
DUVAL,100179,Available,MEMORIAL HOSPITAL JACKSONVILLE,192
DUVAL,100179,Available Capacity,MEMORIAL HOSPITAL JACKSONVILLE,0.384769539
DUVAL,100179,Total Staffed Bed Capacity,MEMORIAL HOSPITAL JACKSONVILLE,499
DUVAL,100184,Bed Census,BROOKS REHABILITATION HOSPITAL,130
DUVAL,100184,Available,BROOKS REHABILITATION HOSPITAL,9
DUVAL,100184,Available Capacity,BROOKS REHABILITATION HOSPITAL,0.064748201
DUVAL,100184,Total Staffed Bed Capacity,BROOKS REHABILITATION HOSPITAL,139
DUVAL,100196,Bed Census,CURAHEALTH JACKSONVILLE LLC,31
DUVAL,100196,Available,CURAHEALTH JACKSONVILLE LLC,2
DUVAL,100196,Available Capacity,CURAHEALTH JACKSONVILLE LLC,0.060606061
DUVAL,100196,Total Staffed Bed Capacity,CURAHEALTH JACKSONVILLE LLC,33
DUVAL,104016,Bed Census,RIVER POINT BEHAVIORAL HEALTH,60
DUVAL,104016,Available,RIVER POINT BEHAVIORAL HEALTH,24
DUVAL,104016,Available Capacity,RIVER POINT BEHAVIORAL HEALTH,0.285714286
DUVAL,104016,Total Staffed Bed Capacity,RIVER POINT BEHAVIORAL HEALTH,84
DUVAL,23960052,Bed Census,BAPTIST MEDICAL CENTER SOUTH,263
DUVAL,23960052,Available,BAPTIST MEDICAL CENTER SOUTH,59
DUVAL,23960052,Available Capacity,BAPTIST MEDICAL CENTER SOUTH,0.183229814
DUVAL,23960052,Total Staffed Bed Capacity,BAPTIST MEDICAL CENTER SOUTH,322
DUVAL,23960061,Bed Census,WEKIVA SPRINGS,56
DUVAL,23960061,Available,WEKIVA SPRINGS,59
DUVAL,23960061,Available Capacity,WEKIVA SPRINGS,0.513043478
DUVAL,23960061,Total Staffed Bed Capacity,WEKIVA SPRINGS,115
DUVAL,23960088,Bed Census,ASCENSION ST VINCENT'S SOUTHSIDE,103
DUVAL,23960088,Available,ASCENSION ST VINCENT'S SOUTHSIDE,110
DUVAL,23960088,Available Capacity,ASCENSION ST VINCENT'S SOUTHSIDE,0.516431925
DUVAL,23960088,Total Staffed Bed Capacity,ASCENSION ST VINCENT'S SOUTHSIDE,213
DUVAL,23960123,Bed Census,UF HEALTH NORTH,100
DUVAL,23960123,Available,UF HEALTH NORTH,2
DUVAL,23960123,Available Capacity,UF HEALTH NORTH,0.019607843
DUVAL,23960123,Total Staffed Bed Capacity,UF HEALTH NORTH,102
DUVAL,23960157,Bed Census,WOLFSON CHILDREN'S HOSPITAL,151
DUVAL,23960157,Available,WOLFSON CHILDREN'S HOSPITAL,47
DUVAL,23960157,Available Capacity,WOLFSON CHILDREN'S HOSPITAL,0.237373737
DUVAL,23960157,Total Staffed Bed Capacity,WOLFSON CHILDREN'S HOSPITAL,198
ESCAMBIA,100025,Bed Census,ASCENSION SACRED HEART PENSACOLA,342
ESCAMBIA,100025,Available,ASCENSION SACRED HEART PENSACOLA,200
ESCAMBIA,100025,Available Capacity,ASCENSION SACRED HEART PENSACOLA,0.369003690
ESCAMBIA,100025,Total Staffed Bed Capacity,ASCENSION SACRED HEART PENSACOLA,542
ESCAMBIA,100093,Bed Census,BAPTIST HOSPITAL,379
ESCAMBIA,100093,Available,BAPTIST HOSPITAL,47
ESCAMBIA,100093,Available Capacity,BAPTIST HOSPITAL,0.110328638
ESCAMBIA,100093,Total Staffed Bed Capacity,BAPTIST HOSPITAL,426
ESCAMBIA,100231,Bed Census,WEST FLORIDA HOSPITAL,297
ESCAMBIA,100231,Available,WEST FLORIDA HOSPITAL,116
ESCAMBIA,100231,Available Capacity,WEST FLORIDA HOSPITAL,0.280871671
ESCAMBIA,100231,Total Staffed Bed Capacity,WEST FLORIDA HOSPITAL,413
ESCAMBIA,23960076,Bed Census,SELECT SPECIALTY HOSPITAL PENSACOLA,71
ESCAMBIA,23960076,Available,SELECT SPECIALTY HOSPITAL PENSACOLA,4
ESCAMBIA,23960076,Available Capacity,SELECT SPECIALTY HOSPITAL PENSACOLA,0.053333333
ESCAMBIA,23960076,Total Staffed Bed Capacity,SELECT SPECIALTY HOSPITAL PENSACOLA,75
FLAGLER,100118,Bed Census,ADVENTHEALTH PALM COAST,93
FLAGLER,100118,Available,ADVENTHEALTH PALM COAST,6
FLAGLER,100118,Available Capacity,ADVENTHEALTH PALM COAST,0.060606061
FLAGLER,100118,Total Staffed Bed Capacity,ADVENTHEALTH PALM COAST,99
FRANKLIN,100153,Bed Census,GEORGE E WEEMS MEMORIAL HOSPITAL,2
FRANKLIN,100153,Available,GEORGE E WEEMS MEMORIAL HOSPITAL,13
FRANKLIN,100153,Available Capacity,GEORGE E WEEMS MEMORIAL HOSPITAL,0.866666667
FRANKLIN,100153,Total Staffed Bed Capacity,GEORGE E WEEMS MEMORIAL HOSPITAL,15
GADSDEN,100159,Bed Census,"CAPITAL REGIONAL MEDICAL CENTER, GADSDEN MEMORIAL CAMPUS",0
GADSDEN,100159,Available,"CAPITAL REGIONAL MEDICAL CENTER, GADSDEN MEMORIAL CAMPUS",4
GADSDEN,100159,Available Capacity,"CAPITAL REGIONAL MEDICAL CENTER, GADSDEN MEMORIAL CAMPUS",1
GADSDEN,100159,Total Staffed Bed Capacity,"CAPITAL REGIONAL MEDICAL CENTER, GADSDEN MEMORIAL CAMPUS",4
GADSDEN,104000,Bed Census,FLORIDA STATE HOSPITAL,546
GADSDEN,104000,Available,FLORIDA STATE HOSPITAL,403
GADSDEN,104000,Available Capacity,FLORIDA STATE HOSPITAL,0.424657534
GADSDEN,104000,Total Staffed Bed Capacity,FLORIDA STATE HOSPITAL,949
GULF,23960084,Bed Census,ASCENSION SACRED HEART GULF,4
GULF,23960084,Available,ASCENSION SACRED HEART GULF,17
GULF,23960084,Available Capacity,ASCENSION SACRED HEART GULF,0.809523810
GULF,23960084,Total Staffed Bed Capacity,ASCENSION SACRED HEART GULF,21
HARDEE,100282,Bed Census,ADVENTHEALTH WAUCHULA,25
HARDEE,100282,Available,ADVENTHEALTH WAUCHULA,0
HARDEE,100282,Available Capacity,ADVENTHEALTH WAUCHULA,0
HARDEE,100282,Total Staffed Bed Capacity,ADVENTHEALTH WAUCHULA,25
HENDRY,100098,Bed Census,HENDRY REGIONAL MEDICAL CENTER,13
HENDRY,100098,Available,HENDRY REGIONAL MEDICAL CENTER,16
HENDRY,100098,Available Capacity,HENDRY REGIONAL MEDICAL CENTER,0.551724138
HENDRY,100098,Total Staffed Bed Capacity,HENDRY REGIONAL MEDICAL CENTER,29
HERNANDO,100071,Bed Census,BAYFRONT HEALTH BROOKSVILLE,63
HERNANDO,100071,Available,BAYFRONT HEALTH BROOKSVILLE,47
HERNANDO,100071,Available Capacity,BAYFRONT HEALTH BROOKSVILLE,0.427272727
HERNANDO,100071,Total Staffed Bed Capacity,BAYFRONT HEALTH BROOKSVILLE,110
HERNANDO,100264,Bed Census,OAK HILL HOSPITAL,279
HERNANDO,100264,Available,OAK HILL HOSPITAL,73
HERNANDO,100264,Available Capacity,OAK HILL HOSPITAL,0.207386364
HERNANDO,100264,Total Staffed Bed Capacity,OAK HILL HOSPITAL,352
HERNANDO,110054,Bed Census,SPRINGBROOK HOSPITAL,69
HERNANDO,110054,Available,SPRINGBROOK HOSPITAL,0
HERNANDO,110054,Available Capacity,SPRINGBROOK HOSPITAL,0
HERNANDO,110054,Total Staffed Bed Capacity,SPRINGBROOK HOSPITAL,69
HERNANDO,111525,Bed Census,BAYFRONT HEALTH SPRING HILL,61
HERNANDO,111525,Available,BAYFRONT HEALTH SPRING HILL,69
HERNANDO,111525,Available Capacity,BAYFRONT HEALTH SPRING HILL,0.530769231
HERNANDO,111525,Total Staffed Bed Capacity,BAYFRONT HEALTH SPRING HILL,130
HERNANDO,23960042,Bed Census,ENCOMPASS HEALTH REHABILITATION HOSPITAL OF SPRING HILL,60
HERNANDO,23960042,Available,ENCOMPASS HEALTH REHABILITATION HOSPITAL OF SPRING HILL,20
HERNANDO,23960042,Available Capacity,ENCOMPASS HEALTH REHABILITATION HOSPITAL OF SPRING HILL,0.25
HERNANDO,23960042,Total Staffed Bed Capacity,ENCOMPASS HEALTH REHABILITATION HOSPITAL OF SPRING HILL,80
HIGHLANDS,100049,Bed Census,HIGHLANDS REGIONAL MEDICAL CENTER,47
HIGHLANDS,100049,Available,HIGHLANDS REGIONAL MEDICAL CENTER,18
HIGHLANDS,100049,Available Capacity,HIGHLANDS REGIONAL MEDICAL CENTER,0.276923077
HIGHLANDS,100049,Total Staffed Bed Capacity,HIGHLANDS REGIONAL MEDICAL CENTER,65
HIGHLANDS,100109,Bed Census,ADVENTHEALTH SEBRING,139
HIGHLANDS,100109,Available,ADVENTHEALTH SEBRING,32
HIGHLANDS,100109,Available Capacity,ADVENTHEALTH SEBRING,0.187134503
HIGHLANDS,100109,Total Staffed Bed Capacity,ADVENTHEALTH SEBRING,171
HIGHLANDS,120013,Bed Census,ADVENTHEALTH LAKE PLACID,17
HIGHLANDS,120013,Available,ADVENTHEALTH LAKE PLACID,8
HIGHLANDS,120013,Available Capacity,ADVENTHEALTH LAKE PLACID,0.32
HIGHLANDS,120013,Total Staffed Bed Capacity,ADVENTHEALTH LAKE PLACID,25
HILLSBOROUGH,100069,Bed Census,ADVENTHEALTH CARROLLWOOD,96
HILLSBOROUGH,100069,Available,ADVENTHEALTH CARROLLWOOD,20
HILLSBOROUGH,100069,Available Capacity,ADVENTHEALTH CARROLLWOOD,0.172413793
HILLSBOROUGH,100069,Total Staffed Bed Capacity,ADVENTHEALTH CARROLLWOOD,116
HILLSBOROUGH,100075,Bed Census,ST JOSEPHS HOSPITAL,497
HILLSBOROUGH,100075,Available,ST JOSEPHS HOSPITAL,234
HILLSBOROUGH,100075,Available Capacity,ST JOSEPHS HOSPITAL,0.320109439
HILLSBOROUGH,100075,Total Staffed Bed Capacity,ST JOSEPHS HOSPITAL,731
HILLSBOROUGH,100115,Bed Census,KINDRED HOSPITAL-BAY AREA-TAMPA,55
HILLSBOROUGH,100115,Available,KINDRED HOSPITAL-BAY AREA-TAMPA,18
HILLSBOROUGH,100115,Available Capacity,KINDRED HOSPITAL-BAY AREA-TAMPA,0.246575342
HILLSBOROUGH,100115,Total Staffed Bed Capacity,KINDRED HOSPITAL-BAY AREA-TAMPA,73
HILLSBOROUGH,100128,Bed Census,TAMPA GENERAL HOSPITAL,912
HILLSBOROUGH,100128,Available,TAMPA GENERAL HOSPITAL,158
HILLSBOROUGH,100128,Available Capacity,TAMPA GENERAL HOSPITAL,0.147663551
HILLSBOROUGH,100128,Total Staffed Bed Capacity,TAMPA GENERAL HOSPITAL,"1,070"
HILLSBOROUGH,100132,Bed Census,SOUTH FLORIDA BAPTIST HOSPITAL,88
HILLSBOROUGH,100132,Available,SOUTH FLORIDA BAPTIST HOSPITAL,25
HILLSBOROUGH,100132,Available Capacity,SOUTH FLORIDA BAPTIST HOSPITAL,0.221238938
HILLSBOROUGH,100132,Total Staffed Bed Capacity,SOUTH FLORIDA BAPTIST HOSPITAL,113
HILLSBOROUGH,100143,Bed Census,KINDRED HOSPITAL-CENTRAL TAMPA,79
HILLSBOROUGH,100143,Available,KINDRED HOSPITAL-CENTRAL TAMPA,12
HILLSBOROUGH,100143,Available Capacity,KINDRED HOSPITAL-CENTRAL TAMPA,0.131868132
HILLSBOROUGH,100143,Total Staffed Bed Capacity,KINDRED HOSPITAL-CENTRAL TAMPA,91
HILLSBOROUGH,100173,Bed Census,ADVENTHEALTH TAMPA,377
HILLSBOROUGH,100173,Available,ADVENTHEALTH TAMPA,162
HILLSBOROUGH,100173,Available Capacity,ADVENTHEALTH TAMPA,0.300556586
HILLSBOROUGH,100173,Total Staffed Bed Capacity,ADVENTHEALTH TAMPA,539
HILLSBOROUGH,100206,Bed Census,MEMORIAL HOSPITAL OF TAMPA,111
HILLSBOROUGH,100206,Available,MEMORIAL HOSPITAL OF TAMPA,35
HILLSBOROUGH,100206,Available Capacity,MEMORIAL HOSPITAL OF TAMPA,0.239726027
HILLSBOROUGH,100206,Total Staffed Bed Capacity,MEMORIAL HOSPITAL OF TAMPA,146
HILLSBOROUGH,100243,Bed Census,BRANDON REGIONAL HOSPITAL,395
HILLSBOROUGH,100243,Available,BRANDON REGIONAL HOSPITAL,93
HILLSBOROUGH,100243,Available Capacity,BRANDON REGIONAL HOSPITAL,0.190573770
HILLSBOROUGH,100243,Total Staffed Bed Capacity,BRANDON REGIONAL HOSPITAL,488
HILLSBOROUGH,100255,Bed Census,TAMPA COMMUNITY HOSPITAL- A CAMPUS OF MEMORIAL HOSPITAL OF TAMPA,26
HILLSBOROUGH,100255,Available,TAMPA COMMUNITY HOSPITAL- A CAMPUS OF MEMORIAL HOSPITAL OF TAMPA,16
HILLSBOROUGH,100255,Available Capacity,TAMPA COMMUNITY HOSPITAL- A CAMPUS OF MEMORIAL HOSPITAL OF TAMPA,0.380952381
HILLSBOROUGH,100255,Total Staffed Bed Capacity,TAMPA COMMUNITY HOSPITAL- A CAMPUS OF MEMORIAL HOSPITAL OF TAMPA,42
HILLSBOROUGH,100259,Bed Census,SOUTH BAY HOSPITAL,93
HILLSBOROUGH,100259,Available,SOUTH BAY HOSPITAL,38
HILLSBOROUGH,100259,Available Capacity,SOUTH BAY HOSPITAL,0.290076336
HILLSBOROUGH,100259,Total Staffed Bed Capacity,SOUTH BAY HOSPITAL,131
HILLSBOROUGH,110009,Bed Census,H LEE MOFFITT CANCER CENTER & RESEARCH INSTITUTE HOSPITAL,218
HILLSBOROUGH,110009,Available,H LEE MOFFITT CANCER CENTER & RESEARCH INSTITUTE HOSPITAL,59
HILLSBOROUGH,110009,Available Capacity,H LEE MOFFITT CANCER CENTER & RESEARCH INSTITUTE HOSPITAL,0.212996390
HILLSBOROUGH,110009,Total Staffed Bed Capacity,H LEE MOFFITT CANCER CENTER & RESEARCH INSTITUTE HOSPITAL,277
HILLSBOROUGH,23960100,Bed Census,ST JOSEPHS HOSPITAL NORTH,126
HILLSBOROUGH,23960100,Available,ST JOSEPHS HOSPITAL NORTH,1
HILLSBOROUGH,23960100,Available Capacity,ST JOSEPHS HOSPITAL NORTH,0.007874016
HILLSBOROUGH,23960100,Total Staffed Bed Capacity,ST JOSEPHS HOSPITAL NORTH,127
HILLSBOROUGH,23960105,Bed Census,ST JOSEPHS HOSPITAL SOUTH,135
HILLSBOROUGH,23960105,Available,ST JOSEPHS HOSPITAL SOUTH,42
HILLSBOROUGH,23960105,Available Capacity,ST JOSEPHS HOSPITAL SOUTH,0.237288136
HILLSBOROUGH,23960105,Total Staffed Bed Capacity,ST JOSEPHS HOSPITAL SOUTH,177
HILLSBOROUGH,23960113,Bed Census,ST JOSEPHS HOSPITAL BEHAVIORAL HEALTH CENTER,58
HILLSBOROUGH,23960113,Available,ST JOSEPHS HOSPITAL BEHAVIORAL HEALTH CENTER,0
HILLSBOROUGH,23960113,Available Capacity,ST JOSEPHS HOSPITAL BEHAVIORAL HEALTH CENTER,0
HILLSBOROUGH,23960113,Total Staffed Bed Capacity,ST JOSEPHS HOSPITAL BEHAVIORAL HEALTH CENTER,58
HOLMES,100078,Bed Census,DOCTORS MEMORIAL HOSPITAL,13
HOLMES,100078,Available,DOCTORS MEMORIAL HOSPITAL,7
HOLMES,100078,Available Capacity,DOCTORS MEMORIAL HOSPITAL,0.35
HOLMES,100078,Total Staffed Bed Capacity,DOCTORS MEMORIAL HOSPITAL,20
INDIAN RIVER,100105,Bed Census,CLEVELAND CLINIC INDIAN RIVER HOSPITAL,156
INDIAN RIVER,100105,Available,CLEVELAND CLINIC INDIAN RIVER HOSPITAL,155
INDIAN RIVER,100105,Available Capacity,CLEVELAND CLINIC INDIAN RIVER HOSPITAL,0.498392283
INDIAN RIVER,100105,Total Staffed Bed Capacity,CLEVELAND CLINIC INDIAN RIVER HOSPITAL,311
INDIAN RIVER,100217,Bed Census,STEWARD SEBASTIAN RIVER MEDICAL CENTER,60
INDIAN RIVER,100217,Available,STEWARD SEBASTIAN RIVER MEDICAL CENTER,14
INDIAN RIVER,100217,Available Capacity,STEWARD SEBASTIAN RIVER MEDICAL CENTER,0.189189189
INDIAN RIVER,100217,Total Staffed Bed Capacity,STEWARD SEBASTIAN RIVER MEDICAL CENTER,74
INDIAN RIVER,110017,Bed Census,ENCOMPASS HEALTH REHABILITATION HOSPITAL OF TREASURE COAST,52
INDIAN RIVER,110017,Available,ENCOMPASS HEALTH REHABILITATION HOSPITAL OF TREASURE COAST,13
INDIAN RIVER,110017,Available Capacity,ENCOMPASS HEALTH REHABILITATION HOSPITAL OF TREASURE COAST,0.2
INDIAN RIVER,110017,Total Staffed Bed Capacity,ENCOMPASS HEALTH REHABILITATION HOSPITAL OF TREASURE COAST,65
JACKSON,100138,Bed Census,CAMPBELLTON-GRACEVILLE HOSPITAL,0
JACKSON,100138,Available,CAMPBELLTON-GRACEVILLE HOSPITAL,0
JACKSON,100138,Available Capacity,CAMPBELLTON-GRACEVILLE HOSPITAL,
JACKSON,100138,Total Staffed Bed Capacity,CAMPBELLTON-GRACEVILLE HOSPITAL,0
JACKSON,100142,Bed Census,JACKSON HOSPITAL,60
JACKSON,100142,Available,JACKSON HOSPITAL,43
JACKSON,100142,Available Capacity,JACKSON HOSPITAL,0.417475728
JACKSON,100142,Total Staffed Bed Capacity,JACKSON HOSPITAL,103
LAKE,100051,Bed Census,ORLANDO HEALTH SOUTH LAKE HOSPITAL,174
LAKE,100051,Available,ORLANDO HEALTH SOUTH LAKE HOSPITAL,26
LAKE,100051,Available Capacity,ORLANDO HEALTH SOUTH LAKE HOSPITAL,0.13
LAKE,100051,Total Staffed Bed Capacity,ORLANDO HEALTH SOUTH LAKE HOSPITAL,200
LAKE,100057,Bed Census,ADVENTHEALTH WATERMAN,178
LAKE,100057,Available,ADVENTHEALTH WATERMAN,122
LAKE,100057,Available Capacity,ADVENTHEALTH WATERMAN,0.406666667
LAKE,100057,Total Staffed Bed Capacity,ADVENTHEALTH WATERMAN,300
LAKE,100084,Bed Census,UF HEALTH LEESBURG HOSPITAL INC,252
LAKE,100084,Available,UF HEALTH LEESBURG HOSPITAL INC,106
LAKE,100084,Available Capacity,UF HEALTH LEESBURG HOSPITAL INC,0.296089385
LAKE,100084,Total Staffed Bed Capacity,UF HEALTH LEESBURG HOSPITAL INC,358
LAKE,100214,Bed Census,UF HEALTH LEESBURG SENIOR BEHAVIORAL HEALTH CENTER,7
LAKE,100214,Available,UF HEALTH LEESBURG SENIOR BEHAVIORAL HEALTH CENTER,14
LAKE,100214,Available Capacity,UF HEALTH LEESBURG SENIOR BEHAVIORAL HEALTH CENTER,0.666666667
LAKE,100214,Total Staffed Bed Capacity,UF HEALTH LEESBURG SENIOR BEHAVIORAL HEALTH CENTER,21
LAKE,104018,Bed Census,LIFESTREAM BEHAVIORAL CENTER,41
LAKE,104018,Available,LIFESTREAM BEHAVIORAL CENTER,6
LAKE,104018,Available Capacity,LIFESTREAM BEHAVIORAL CENTER,0.127659574
LAKE,104018,Total Staffed Bed Capacity,LIFESTREAM BEHAVIORAL CENTER,47
LEE,100012,Bed Census,LEE MEMORIAL HOSPITAL,246
LEE,100012,Available,LEE MEMORIAL HOSPITAL,60
LEE,100012,Available Capacity,LEE MEMORIAL HOSPITAL,0.196078431
LEE,100012,Total Staffed Bed Capacity,LEE MEMORIAL HOSPITAL,306
LEE,100107,Bed Census,LEHIGH REGIONAL MEDICAL CENTER,36
LEE,100107,Available,LEHIGH REGIONAL MEDICAL CENTER,8
LEE,100107,Available Capacity,LEHIGH REGIONAL MEDICAL CENTER,0.181818182
LEE,100107,Total Staffed Bed Capacity,LEHIGH REGIONAL MEDICAL CENTER,44
LEE,100220,Bed Census,GULF COAST MEDICAL CENTER LEE MEMORIAL HEALTH SYSTEM,425
LEE,100220,Available,GULF COAST MEDICAL CENTER LEE MEMORIAL HEALTH SYSTEM,116
LEE,100220,Available Capacity,GULF COAST MEDICAL CENTER LEE MEMORIAL HEALTH SYSTEM,0.214417745
LEE,100220,Total Staffed Bed Capacity,GULF COAST MEDICAL CENTER LEE MEMORIAL HEALTH SYSTEM,541
LEE,100244,Bed Census,CAPE CORAL HOSPITAL,248
LEE,100244,Available,CAPE CORAL HOSPITAL,39
LEE,100244,Available Capacity,CAPE CORAL HOSPITAL,0.135888502
LEE,100244,Total Staffed Bed Capacity,CAPE CORAL HOSPITAL,287
LEE,120005,Bed Census,HEALTHPARK MEDICAL CENTER,333
LEE,120005,Available,HEALTHPARK MEDICAL CENTER,117
LEE,120005,Available Capacity,HEALTHPARK MEDICAL CENTER,0.26
LEE,120005,Total Staffed Bed Capacity,HEALTHPARK MEDICAL CENTER,450
LEE,23960103,Bed Census,PARK ROYAL HOSPITAL,94
LEE,23960103,Available,PARK ROYAL HOSPITAL,20
LEE,23960103,Available Capacity,PARK ROYAL HOSPITAL,0.175438596
LEE,23960103,Total Staffed Bed Capacity,PARK ROYAL HOSPITAL,114
LEE,23960107,Bed Census,SELECT SPECIALTY HOSPITAL-FORT MYERS,44
LEE,23960107,Available,SELECT SPECIALTY HOSPITAL-FORT MYERS,16
LEE,23960107,Available Capacity,SELECT SPECIALTY HOSPITAL-FORT MYERS,0.266666667
LEE,23960107,Total Staffed Bed Capacity,SELECT SPECIALTY HOSPITAL-FORT MYERS,60
LEON,100135,Bed Census,TALLAHASSEE MEMORIAL HOSPITAL,377
LEON,100135,Available,TALLAHASSEE MEMORIAL HOSPITAL,75
LEON,100135,Available Capacity,TALLAHASSEE MEMORIAL HOSPITAL,0.165929204
LEON,100135,Total Staffed Bed Capacity,TALLAHASSEE MEMORIAL HOSPITAL,452
LEON,100254,Bed Census,CAPITAL REGIONAL MEDICAL CENTER,202
LEON,100254,Available,CAPITAL REGIONAL MEDICAL CENTER,60
LEON,100254,Available Capacity,CAPITAL REGIONAL MEDICAL CENTER,0.229007634
LEON,100254,Total Staffed Bed Capacity,CAPITAL REGIONAL MEDICAL CENTER,262
LEON,110021,Bed Census,ENCOMPASS HEALTH REHABILITATION HOSPITAL OF TALLAHASSEE,34
LEON,110021,Available,ENCOMPASS HEALTH REHABILITATION HOSPITAL OF TALLAHASSEE,21
LEON,110021,Available Capacity,ENCOMPASS HEALTH REHABILITATION HOSPITAL OF TALLAHASSEE,0.381818182
LEON,110021,Total Staffed Bed Capacity,ENCOMPASS HEALTH REHABILITATION HOSPITAL OF TALLAHASSEE,55
LEON,110044,Bed Census,EASTSIDE PSYCHIATRIC HOSPITAL,21
LEON,110044,Available,EASTSIDE PSYCHIATRIC HOSPITAL,10
LEON,110044,Available Capacity,EASTSIDE PSYCHIATRIC HOSPITAL,0.322580645
LEON,110044,Total Staffed Bed Capacity,EASTSIDE PSYCHIATRIC HOSPITAL,31
LEON,23960059,Bed Census,SELECT SPECIALTY HOSPITAL - TALLAHASSEE,31
LEON,23960059,Available,SELECT SPECIALTY HOSPITAL - TALLAHASSEE,17
LEON,23960059,Available Capacity,SELECT SPECIALTY HOSPITAL - TALLAHASSEE,0.354166667
LEON,23960059,Total Staffed Bed Capacity,SELECT SPECIALTY HOSPITAL - TALLAHASSEE,48
MADISON,100004,Bed Census,MADISON COUNTY MEMORIAL HOSPITAL,5
MADISON,100004,Available,MADISON COUNTY MEMORIAL HOSPITAL,10
MADISON,100004,Available Capacity,MADISON COUNTY MEMORIAL HOSPITAL,0.666666667
MADISON,100004,Total Staffed Bed Capacity,MADISON COUNTY MEMORIAL HOSPITAL,15
MANATEE,100035,Bed Census,MANATEE MEMORIAL HOSPITAL,261
MANATEE,100035,Available,MANATEE MEMORIAL HOSPITAL,22
MANATEE,100035,Available Capacity,MANATEE MEMORIAL HOSPITAL,0.077738516
MANATEE,100035,Total Staffed Bed Capacity,MANATEE MEMORIAL HOSPITAL,283
MANATEE,100213,Bed Census,BLAKE MEDICAL CENTER,220
MANATEE,100213,Available,BLAKE MEDICAL CENTER,37
MANATEE,100213,Available Capacity,BLAKE MEDICAL CENTER,0.143968872
MANATEE,100213,Total Staffed Bed Capacity,BLAKE MEDICAL CENTER,257
MANATEE,110028,Bed Census,CENTERSTONE OF FLORIDA,33
MANATEE,110028,Available,CENTERSTONE OF FLORIDA,4
MANATEE,110028,Available Capacity,CENTERSTONE OF FLORIDA,0.108108108
MANATEE,110028,Total Staffed Bed Capacity,CENTERSTONE OF FLORIDA,37
MANATEE,110049,Bed Census,SUNCOAST BEHAVIORAL HEALTH CENTER,43
MANATEE,110049,Available,SUNCOAST BEHAVIORAL HEALTH CENTER,17
MANATEE,110049,Available Capacity,SUNCOAST BEHAVIORAL HEALTH CENTER,0.283333333
MANATEE,110049,Total Staffed Bed Capacity,SUNCOAST BEHAVIORAL HEALTH CENTER,60
MANATEE,23960046,Bed Census,LAKEWOOD RANCH MEDICAL CENTER,83
MANATEE,23960046,Available,LAKEWOOD RANCH MEDICAL CENTER,30
MANATEE,23960046,Available Capacity,LAKEWOOD RANCH MEDICAL CENTER,0.265486726
MANATEE,23960046,Total Staffed Bed Capacity,LAKEWOOD RANCH MEDICAL CENTER,113
MARION,100062,Bed Census,ADVENTHEALTH OCALA,273
MARION,100062,Available,ADVENTHEALTH OCALA,13
MARION,100062,Available Capacity,ADVENTHEALTH OCALA,0.045454545
MARION,100062,Total Staffed Bed Capacity,ADVENTHEALTH OCALA,286
MARION,100212,Bed Census,OCALA REGIONAL MEDICAL CENTER,240
MARION,100212,Available,OCALA REGIONAL MEDICAL CENTER,16
MARION,100212,Available Capacity,OCALA REGIONAL MEDICAL CENTER,0.0625
MARION,100212,Total Staffed Bed Capacity,OCALA REGIONAL MEDICAL CENTER,256
MARION,23960039,Bed Census,WEST MARION COMMUNITY HOSPITAL,163
MARION,23960039,Available,WEST MARION COMMUNITY HOSPITAL,23
MARION,23960039,Available Capacity,WEST MARION COMMUNITY HOSPITAL,0.123655914
MARION,23960039,Total Staffed Bed Capacity,WEST MARION COMMUNITY HOSPITAL,186
MARION,23960060,Bed Census,KINDRED HOSPITAL OCALA,11
MARION,23960060,Available,KINDRED HOSPITAL OCALA,7
MARION,23960060,Available Capacity,KINDRED HOSPITAL OCALA,0.388888889
MARION,23960060,Total Staffed Bed Capacity,KINDRED HOSPITAL OCALA,18
MARION,23960073,Bed Census,THE VINES HOSPITAL,68
MARION,23960073,Available,THE VINES HOSPITAL,30
MARION,23960073,Available Capacity,THE VINES HOSPITAL,0.306122449
MARION,23960073,Total Staffed Bed Capacity,THE VINES HOSPITAL,98
MARION,23960109,Bed Census,ENCOMPASS HEALTH REHABILITATION HOSPITAL OF OCALA,38
MARION,23960109,Available,ENCOMPASS HEALTH REHABILITATION HOSPITAL OF OCALA,42
MARION,23960109,Available Capacity,ENCOMPASS HEALTH REHABILITATION HOSPITAL OF OCALA,0.525
MARION,23960109,Total Staffed Bed Capacity,ENCOMPASS HEALTH REHABILITATION HOSPITAL OF OCALA,80
MARTIN,100044,Bed Census,CLEVELAND CLINIC MARTIN NORTH HOSPITAL,114
MARTIN,100044,Available,CLEVELAND CLINIC MARTIN NORTH HOSPITAL,61
MARTIN,100044,Available Capacity,CLEVELAND CLINIC MARTIN NORTH HOSPITAL,0.348571429
MARTIN,100044,Total Staffed Bed Capacity,CLEVELAND CLINIC MARTIN NORTH HOSPITAL,175
MARTIN,120009,Bed Census,CLEVELAND CLINIC MARTIN SOUTH HOSPITAL,63
MARTIN,120009,Available,CLEVELAND CLINIC MARTIN SOUTH HOSPITAL,36
MARTIN,120009,Available Capacity,CLEVELAND CLINIC MARTIN SOUTH HOSPITAL,0.363636364
MARTIN,120009,Total Staffed Bed Capacity,CLEVELAND CLINIC MARTIN SOUTH HOSPITAL,99
MARTIN,23960112,Bed Census,ENCOMPASS HEALTH REHAB HOSPITAL AN AFFILIATE OF MARTIN HEALTH,68
MARTIN,23960112,Available,ENCOMPASS HEALTH REHAB HOSPITAL AN AFFILIATE OF MARTIN HEALTH,12
MARTIN,23960112,Available Capacity,ENCOMPASS HEALTH REHAB HOSPITAL AN AFFILIATE OF MARTIN HEALTH,0.15
MARTIN,23960112,Total Staffed Bed Capacity,ENCOMPASS HEALTH REHAB HOSPITAL AN AFFILIATE OF MARTIN HEALTH,80
MARTIN,23960125,Bed Census,CORAL SHORES BEHAVIORAL HEALTH,32
MARTIN,23960125,Available,CORAL SHORES BEHAVIORAL HEALTH,48
MARTIN,23960125,Available Capacity,CORAL SHORES BEHAVIORAL HEALTH,0.6
MARTIN,23960125,Total Staffed Bed Capacity,CORAL SHORES BEHAVIORAL HEALTH,80
MIAMI-DADE,100008,Bed Census,BAPTIST HOSPITAL OF MIAMI,642
MIAMI-DADE,100008,Available,BAPTIST HOSPITAL OF MIAMI,125
MIAMI-DADE,100008,Available Capacity,BAPTIST HOSPITAL OF MIAMI,0.162972621
MIAMI-DADE,100008,Total Staffed Bed Capacity,BAPTIST HOSPITAL OF MIAMI,767
MIAMI-DADE,100009,Bed Census,UNIVERSITY OF MIAMI HOSPITAL AND CLINICS-UHEALTH TOWER,301
MIAMI-DADE,100009,Available,UNIVERSITY OF MIAMI HOSPITAL AND CLINICS-UHEALTH TOWER,201
MIAMI-DADE,100009,Available Capacity,UNIVERSITY OF MIAMI HOSPITAL AND CLINICS-UHEALTH TOWER,0.400398406
MIAMI-DADE,100009,Total Staffed Bed Capacity,UNIVERSITY OF MIAMI HOSPITAL AND CLINICS-UHEALTH TOWER,502
MIAMI-DADE,100020,Bed Census,DOCTORS HOSPITAL,79
MIAMI-DADE,100020,Available,DOCTORS HOSPITAL,55
MIAMI-DADE,100020,Available Capacity,DOCTORS HOSPITAL,0.410447761
MIAMI-DADE,100020,Total Staffed Bed Capacity,DOCTORS HOSPITAL,134
MIAMI-DADE,100022,Bed Census,JACKSON MEMORIAL HOSPITAL,"1,264"
MIAMI-DADE,100022,Available,JACKSON MEMORIAL HOSPITAL,408
MIAMI-DADE,100022,Available Capacity,JACKSON MEMORIAL HOSPITAL,0.244019139
MIAMI-DADE,100022,Total Staffed Bed Capacity,JACKSON MEMORIAL HOSPITAL,"1,672"
MIAMI-DADE,100029,Bed Census,NORTH SHORE MEDICAL CENTER,214
MIAMI-DADE,100029,Available,NORTH SHORE MEDICAL CENTER,37
MIAMI-DADE,100029,Available Capacity,NORTH SHORE MEDICAL CENTER,0.147410359
MIAMI-DADE,100029,Total Staffed Bed Capacity,NORTH SHORE MEDICAL CENTER,251
MIAMI-DADE,100034,Bed Census,MOUNT SINAI MEDICAL CENTER,390
MIAMI-DADE,100034,Available,MOUNT SINAI MEDICAL CENTER,153
MIAMI-DADE,100034,Available Capacity,MOUNT SINAI MEDICAL CENTER,0.281767956
MIAMI-DADE,100034,Total Staffed Bed Capacity,MOUNT SINAI MEDICAL CENTER,543
MIAMI-DADE,100050,Bed Census,LARKIN COMMUNITY HOSPITAL PALM SPRINGS CAMPUS,59
MIAMI-DADE,100050,Available,LARKIN COMMUNITY HOSPITAL PALM SPRINGS CAMPUS,113
MIAMI-DADE,100050,Available Capacity,LARKIN COMMUNITY HOSPITAL PALM SPRINGS CAMPUS,0.656976744
MIAMI-DADE,100050,Total Staffed Bed Capacity,LARKIN COMMUNITY HOSPITAL PALM SPRINGS CAMPUS,172
MIAMI-DADE,100053,Bed Census,HIALEAH HOSPITAL,137
MIAMI-DADE,100053,Available,HIALEAH HOSPITAL,109
MIAMI-DADE,100053,Available Capacity,HIALEAH HOSPITAL,0.443089431
MIAMI-DADE,100053,Total Staffed Bed Capacity,HIALEAH HOSPITAL,246
MIAMI-DADE,100061,Bed Census,"MERCY HOSPITAL, A CAMPUS OF PLANTATION GENERAL HOSPITAL",253
MIAMI-DADE,100061,Available,"MERCY HOSPITAL, A CAMPUS OF PLANTATION GENERAL HOSPITAL",189
MIAMI-DADE,100061,Available Capacity,"MERCY HOSPITAL, A CAMPUS OF PLANTATION GENERAL HOSPITAL",0.427601810
MIAMI-DADE,100061,Total Staffed Bed Capacity,"MERCY HOSPITAL, A CAMPUS OF PLANTATION GENERAL HOSPITAL",442
MIAMI-DADE,100076,Bed Census,VARIETY CHILDREN'S HOSPITAL,0
MIAMI-DADE,100076,Available,VARIETY CHILDREN'S HOSPITAL,0
MIAMI-DADE,100076,Available Capacity,VARIETY CHILDREN'S HOSPITAL,
MIAMI-DADE,100076,Total Staffed Bed Capacity,VARIETY CHILDREN'S HOSPITAL,0
MIAMI-DADE,100079,Bed Census,UNIVERSITY OF MIAMI HOSPITAL AND CLINICS-SYLVESTER COMPREHENSIVE,30
MIAMI-DADE,100079,Available,UNIVERSITY OF MIAMI HOSPITAL AND CLINICS-SYLVESTER COMPREHENSIVE,10
MIAMI-DADE,100079,Available Capacity,UNIVERSITY OF MIAMI HOSPITAL AND CLINICS-SYLVESTER COMPREHENSIVE,0.25
MIAMI-DADE,100079,Total Staffed Bed Capacity,UNIVERSITY OF MIAMI HOSPITAL AND CLINICS-SYLVESTER COMPREHENSIVE,40
MIAMI-DADE,100114,Bed Census,JACKSON NORTH MEDICAL CENTER,220
MIAMI-DADE,100114,Available,JACKSON NORTH MEDICAL CENTER,45
MIAMI-DADE,100114,Available Capacity,JACKSON NORTH MEDICAL CENTER,0.169811321
MIAMI-DADE,100114,Total Staffed Bed Capacity,JACKSON NORTH MEDICAL CENTER,265
MIAMI-DADE,100125,Bed Census,HOMESTEAD HOSPITAL,132
MIAMI-DADE,100125,Available,HOMESTEAD HOSPITAL,23
MIAMI-DADE,100125,Available Capacity,HOMESTEAD HOSPITAL,0.148387097
MIAMI-DADE,100125,Total Staffed Bed Capacity,HOMESTEAD HOSPITAL,155
MIAMI-DADE,100131,Bed Census,AVENTURA HOSPITAL AND MEDICAL CENTER,336
MIAMI-DADE,100131,Available,AVENTURA HOSPITAL AND MEDICAL CENTER,55
MIAMI-DADE,100131,Available Capacity,AVENTURA HOSPITAL AND MEDICAL CENTER,0.140664962
MIAMI-DADE,100131,Total Staffed Bed Capacity,AVENTURA HOSPITAL AND MEDICAL CENTER,391
MIAMI-DADE,100152,Bed Census,KINDRED HOSPITAL-SOUTH FLORIDA-CORAL GABLES,44
MIAMI-DADE,100152,Available,KINDRED HOSPITAL-SOUTH FLORIDA-CORAL GABLES,11
MIAMI-DADE,100152,Available Capacity,KINDRED HOSPITAL-SOUTH FLORIDA-CORAL GABLES,0.2
MIAMI-DADE,100152,Total Staffed Bed Capacity,KINDRED HOSPITAL-SOUTH FLORIDA-CORAL GABLES,55
MIAMI-DADE,100154,Bed Census,SOUTH MIAMI HOSPITAL,344
MIAMI-DADE,100154,Available,SOUTH MIAMI HOSPITAL,101
MIAMI-DADE,100154,Available Capacity,SOUTH MIAMI HOSPITAL,0.226966292
MIAMI-DADE,100154,Total Staffed Bed Capacity,SOUTH MIAMI HOSPITAL,445
MIAMI-DADE,100165,Bed Census,WESTCHESTER GENERAL HOSPITAL,94
MIAMI-DADE,100165,Available,WESTCHESTER GENERAL HOSPITAL,12
MIAMI-DADE,100165,Available Capacity,WESTCHESTER GENERAL HOSPITAL,0.113207547
MIAMI-DADE,100165,Total Staffed Bed Capacity,WESTCHESTER GENERAL HOSPITAL,106
MIAMI-DADE,100181,Bed Census,LARKIN COMMUNITY HOSPITAL,82
MIAMI-DADE,100181,Available,LARKIN COMMUNITY HOSPITAL,32
MIAMI-DADE,100181,Available Capacity,LARKIN COMMUNITY HOSPITAL,0.280701754
MIAMI-DADE,100181,Total Staffed Bed Capacity,LARKIN COMMUNITY HOSPITAL,114
MIAMI-DADE,100183,Bed Census,CORAL GABLES HOSPITAL,84
MIAMI-DADE,100183,Available,CORAL GABLES HOSPITAL,43
MIAMI-DADE,100183,Available Capacity,CORAL GABLES HOSPITAL,0.338582677
MIAMI-DADE,100183,Total Staffed Bed Capacity,CORAL GABLES HOSPITAL,127
MIAMI-DADE,100187,Bed Census,PALMETTO GENERAL HOSPITAL,227
MIAMI-DADE,100187,Available,PALMETTO GENERAL HOSPITAL,274
MIAMI-DADE,100187,Available Capacity,PALMETTO GENERAL HOSPITAL,0.546906188
MIAMI-DADE,100187,Total Staffed Bed Capacity,PALMETTO GENERAL HOSPITAL,501
MIAMI-DADE,100197,Bed Census,DOUGLAS GARDENS HOSPITAL,2
MIAMI-DADE,100197,Available,DOUGLAS GARDENS HOSPITAL,30
MIAMI-DADE,100197,Available Capacity,DOUGLAS GARDENS HOSPITAL,0.9375
MIAMI-DADE,100197,Total Staffed Bed Capacity,DOUGLAS GARDENS HOSPITAL,32
MIAMI-DADE,100208,Bed Census,JACKSON SOUTH MEDICAL CENTER,162
MIAMI-DADE,100208,Available,JACKSON SOUTH MEDICAL CENTER,59
MIAMI-DADE,100208,Available Capacity,JACKSON SOUTH MEDICAL CENTER,0.266968326
MIAMI-DADE,100208,Total Staffed Bed Capacity,JACKSON SOUTH MEDICAL CENTER,221
MIAMI-DADE,100209,Bed Census,KENDALL REGIONAL MEDICAL CENTER,383
MIAMI-DADE,100209,Available,KENDALL REGIONAL MEDICAL CENTER,59
MIAMI-DADE,100209,Available Capacity,KENDALL REGIONAL MEDICAL CENTER,0.133484163
MIAMI-DADE,100209,Total Staffed Bed Capacity,KENDALL REGIONAL MEDICAL CENTER,442
MIAMI-DADE,100240,Bed Census,UNIVERSITY OF MIAMI HOSPITAL AND CLINICS-BASCOM PALMER EYE INST,0
MIAMI-DADE,100240,Available,UNIVERSITY OF MIAMI HOSPITAL AND CLINICS-BASCOM PALMER EYE INST,0
MIAMI-DADE,100240,Available Capacity,UNIVERSITY OF MIAMI HOSPITAL AND CLINICS-BASCOM PALMER EYE INST,
MIAMI-DADE,100240,Total Staffed Bed Capacity,UNIVERSITY OF MIAMI HOSPITAL AND CLINICS-BASCOM PALMER EYE INST,0
MIAMI-DADE,103004,Bed Census,ST CATHERINE'S REHABILITATION HOSPITAL,5
MIAMI-DADE,103004,Available,ST CATHERINE'S REHABILITATION HOSPITAL,17
MIAMI-DADE,103004,Available Capacity,ST CATHERINE'S REHABILITATION HOSPITAL,0.772727273
MIAMI-DADE,103004,Total Staffed Bed Capacity,ST CATHERINE'S REHABILITATION HOSPITAL,22
MIAMI-DADE,103038,Bed Census,ENCOMPASS HEALTH REHABILITATION HOSPITAL OF MIAMI,45
MIAMI-DADE,103038,Available,ENCOMPASS HEALTH REHABILITATION HOSPITAL OF MIAMI,15
MIAMI-DADE,103038,Available Capacity,ENCOMPASS HEALTH REHABILITATION HOSPITAL OF MIAMI,0.25
MIAMI-DADE,103038,Total Staffed Bed Capacity,ENCOMPASS HEALTH REHABILITATION HOSPITAL OF MIAMI,60
MIAMI-DADE,110040,Bed Census,SOUTHERN WINDS,64
MIAMI-DADE,110040,Available,SOUTHERN WINDS,8
MIAMI-DADE,110040,Available Capacity,SOUTHERN WINDS,0.111111111
MIAMI-DADE,110040,Total Staffed Bed Capacity,SOUTHERN WINDS,72
MIAMI-DADE,110041,Bed Census,WEST GABLES REHABILITATION HOSPITAL,50
MIAMI-DADE,110041,Available,WEST GABLES REHABILITATION HOSPITAL,10
MIAMI-DADE,110041,Available Capacity,WEST GABLES REHABILITATION HOSPITAL,0.166666667
MIAMI-DADE,110041,Total Staffed Bed Capacity,WEST GABLES REHABILITATION HOSPITAL,60
MIAMI-DADE,110199,Bed Census,NICKLAUS CHILDREN'S HOSPITAL,176
MIAMI-DADE,110199,Available,NICKLAUS CHILDREN'S HOSPITAL,123
MIAMI-DADE,110199,Available Capacity,NICKLAUS CHILDREN'S HOSPITAL,0.411371237
MIAMI-DADE,110199,Total Staffed Bed Capacity,NICKLAUS CHILDREN'S HOSPITAL,299
MIAMI-DADE,120014,Bed Census,SOUTH FLORIDA EVALUATION AND TREATMENT CENTER,191
MIAMI-DADE,120014,Available,SOUTH FLORIDA EVALUATION AND TREATMENT CENTER,0
MIAMI-DADE,120014,Available Capacity,SOUTH FLORIDA EVALUATION AND TREATMENT CENTER,0
MIAMI-DADE,120014,Total Staffed Bed Capacity,SOUTH FLORIDA EVALUATION AND TREATMENT CENTER,191
MIAMI-DADE,23960028,Bed Census,SELECT SPECIALTY HOSPITAL-MIAMI,36
MIAMI-DADE,23960028,Available,SELECT SPECIALTY HOSPITAL-MIAMI,11
MIAMI-DADE,23960028,Available Capacity,SELECT SPECIALTY HOSPITAL-MIAMI,0.234042553
MIAMI-DADE,23960028,Total Staffed Bed Capacity,SELECT SPECIALTY HOSPITAL-MIAMI,47
MIAMI-DADE,23960064,Bed Census,WEST KENDALL BAPTIST HOSPITAL,141
MIAMI-DADE,23960064,Available,WEST KENDALL BAPTIST HOSPITAL,14
MIAMI-DADE,23960064,Available Capacity,WEST KENDALL BAPTIST HOSPITAL,0.090322581
MIAMI-DADE,23960064,Total Staffed Bed Capacity,WEST KENDALL BAPTIST HOSPITAL,155
MIAMI-DADE,23960094,Bed Census,SELECT SPECIALTY HOSPITAL-MIAMI LAKES,57
MIAMI-DADE,23960094,Available,SELECT SPECIALTY HOSPITAL-MIAMI LAKES,0
MIAMI-DADE,23960094,Available Capacity,SELECT SPECIALTY HOSPITAL-MIAMI LAKES,0
MIAMI-DADE,23960094,Total Staffed Bed Capacity,SELECT SPECIALTY HOSPITAL-MIAMI LAKES,57
MIAMI-DADE,23960097,Bed Census,ST CATHERINE'S WEST REHABILITATION HOSPITAL,27
MIAMI-DADE,23960097,Available,ST CATHERINE'S WEST REHABILITATION HOSPITAL,13
MIAMI-DADE,23960097,Available Capacity,ST CATHERINE'S WEST REHABILITATION HOSPITAL,0.325
MIAMI-DADE,23960097,Total Staffed Bed Capacity,ST CATHERINE'S WEST REHABILITATION HOSPITAL,40
MONROE,100024,Bed Census,FISHERMEN'S COMMUNITY HOSPITAL,4
MONROE,100024,Available,FISHERMEN'S COMMUNITY HOSPITAL,5
MONROE,100024,Available Capacity,FISHERMEN'S COMMUNITY HOSPITAL,0.555555556
MONROE,100024,Total Staffed Bed Capacity,FISHERMEN'S COMMUNITY HOSPITAL,9
MONROE,100150,Bed Census,DEPOO HOSPITAL,13
MONROE,100150,Available,DEPOO HOSPITAL,32
MONROE,100150,Available Capacity,DEPOO HOSPITAL,0.711111111
MONROE,100150,Total Staffed Bed Capacity,DEPOO HOSPITAL,45
MONROE,100160,Bed Census,MARINERS HOSPITAL,22
MONROE,100160,Available,MARINERS HOSPITAL,19
MONROE,100160,Available Capacity,MARINERS HOSPITAL,0.463414634
MONROE,100160,Total Staffed Bed Capacity,MARINERS HOSPITAL,41
MONROE,100195,Bed Census,LOWER KEYS MEDICAL CENTER,31
MONROE,100195,Available,LOWER KEYS MEDICAL CENTER,43
MONROE,100195,Available Capacity,LOWER KEYS MEDICAL CENTER,0.581081081
MONROE,100195,Total Staffed Bed Capacity,LOWER KEYS MEDICAL CENTER,74
NASSAU,100140,Bed Census,BAPTIST MEDICAL CENTER NASSAU,36
NASSAU,100140,Available,BAPTIST MEDICAL CENTER NASSAU,32
NASSAU,100140,Available Capacity,BAPTIST MEDICAL CENTER NASSAU,0.470588235
NASSAU,100140,Total Staffed Bed Capacity,BAPTIST MEDICAL CENTER NASSAU,68
OKALOOSA,100054,Bed Census,TWIN CITIES HOSPITAL,28
OKALOOSA,100054,Available,TWIN CITIES HOSPITAL,15
OKALOOSA,100054,Available Capacity,TWIN CITIES HOSPITAL,0.348837209
OKALOOSA,100054,Total Staffed Bed Capacity,TWIN CITIES HOSPITAL,43
OKALOOSA,100122,Bed Census,NORTH OKALOOSA MEDICAL CENTER,70
OKALOOSA,100122,Available,NORTH OKALOOSA MEDICAL CENTER,43
OKALOOSA,100122,Available Capacity,NORTH OKALOOSA MEDICAL CENTER,0.380530973
OKALOOSA,100122,Total Staffed Bed Capacity,NORTH OKALOOSA MEDICAL CENTER,113
OKALOOSA,100223,Bed Census,FORT WALTON BEACH MEDICAL CENTER,191
OKALOOSA,100223,Available,FORT WALTON BEACH MEDICAL CENTER,46
OKALOOSA,100223,Available Capacity,FORT WALTON BEACH MEDICAL CENTER,0.194092827
OKALOOSA,100223,Total Staffed Bed Capacity,FORT WALTON BEACH MEDICAL CENTER,237
OKALOOSA,111520,Bed Census,GULF COAST TREATMENT CENTER,28
OKALOOSA,111520,Available,GULF COAST TREATMENT CENTER,0
OKALOOSA,111520,Available Capacity,GULF COAST TREATMENT CENTER,0
OKALOOSA,111520,Total Staffed Bed Capacity,GULF COAST TREATMENT CENTER,28
OKALOOSA,23960106,Bed Census,"REHABILITATION INSTITUTE OF NORTHWEST FLORIDA, THE",19
OKALOOSA,23960106,Available,"REHABILITATION INSTITUTE OF NORTHWEST FLORIDA, THE",11
OKALOOSA,23960106,Available Capacity,"REHABILITATION INSTITUTE OF NORTHWEST FLORIDA, THE",0.366666667
OKALOOSA,23960106,Total Staffed Bed Capacity,"REHABILITATION INSTITUTE OF NORTHWEST FLORIDA, THE",30
OKEECHOBEE,100252,Bed Census,RAULERSON HOSPITAL,40
OKEECHOBEE,100252,Available,RAULERSON HOSPITAL,60
OKEECHOBEE,100252,Available Capacity,RAULERSON HOSPITAL,0.6
OKEECHOBEE,100252,Total Staffed Bed Capacity,RAULERSON HOSPITAL,100
ORANGE,100006,Bed Census,ORLANDO HEALTH ORLANDO REGIONAL MEDICAL CENTER,599
ORANGE,100006,Available,ORLANDO HEALTH ORLANDO REGIONAL MEDICAL CENTER,208
ORANGE,100006,Available Capacity,ORLANDO HEALTH ORLANDO REGIONAL MEDICAL CENTER,0.257744734
ORANGE,100006,Total Staffed Bed Capacity,ORLANDO HEALTH ORLANDO REGIONAL MEDICAL CENTER,807
ORANGE,100007,Bed Census,ADVENTHEALTH ORLANDO,952
ORANGE,100007,Available,ADVENTHEALTH ORLANDO,412
ORANGE,100007,Available Capacity,ADVENTHEALTH ORLANDO,0.302052786
ORANGE,100007,Total Staffed Bed Capacity,ADVENTHEALTH ORLANDO,"1,364"
ORANGE,100021,Bed Census,ADVENTHEALTH EAST ORLANDO,217
ORANGE,100021,Available,ADVENTHEALTH EAST ORLANDO,59
ORANGE,100021,Available Capacity,ADVENTHEALTH EAST ORLANDO,0.213768116
ORANGE,100021,Total Staffed Bed Capacity,ADVENTHEALTH EAST ORLANDO,276
ORANGE,100030,Bed Census,ORLANDO HEALTH - HEALTH CENTRAL HOSPITAL,164
ORANGE,100030,Available,ORLANDO HEALTH - HEALTH CENTRAL HOSPITAL,29
ORANGE,100030,Available Capacity,ORLANDO HEALTH - HEALTH CENTRAL HOSPITAL,0.150259067
ORANGE,100030,Total Staffed Bed Capacity,ORLANDO HEALTH - HEALTH CENTRAL HOSPITAL,193
ORANGE,100129,Bed Census,ASPIRE HEALTH PARTNERS,32
ORANGE,100129,Available,ASPIRE HEALTH PARTNERS,24
ORANGE,100129,Available Capacity,ASPIRE HEALTH PARTNERS,0.428571429
ORANGE,100129,Total Staffed Bed Capacity,ASPIRE HEALTH PARTNERS,56
ORANGE,100162,Bed Census,ADVENTHEALTH WINTER PARK,191
ORANGE,100162,Available,ADVENTHEALTH WINTER PARK,231
ORANGE,100162,Available Capacity,ADVENTHEALTH WINTER PARK,0.547393365
ORANGE,100162,Total Staffed Bed Capacity,ADVENTHEALTH WINTER PARK,422
ORANGE,110047,Bed Census,UNIVERSITY BEHAVIORAL CENTER,72
ORANGE,110047,Available,UNIVERSITY BEHAVIORAL CENTER,47
ORANGE,110047,Available Capacity,UNIVERSITY BEHAVIORAL CENTER,0.394957983
ORANGE,110047,Total Staffed Bed Capacity,UNIVERSITY BEHAVIORAL CENTER,119
ORANGE,110051,Bed Census,LA AMISTAD RESIDENTIAL TREATMENT CENTER,19
ORANGE,110051,Available,LA AMISTAD RESIDENTIAL TREATMENT CENTER,0
ORANGE,110051,Available Capacity,LA AMISTAD RESIDENTIAL TREATMENT CENTER,0
ORANGE,110051,Total Staffed Bed Capacity,LA AMISTAD RESIDENTIAL TREATMENT CENTER,19
ORANGE,120001,Bed Census,ARNOLD PALMER MEDICAL CENTER,288
ORANGE,120001,Available,ARNOLD PALMER MEDICAL CENTER,165
ORANGE,120001,Available Capacity,ARNOLD PALMER MEDICAL CENTER,0.364238411
ORANGE,120001,Total Staffed Bed Capacity,ARNOLD PALMER MEDICAL CENTER,453
ORANGE,120002,Bed Census,ORLANDO HEALTH DR P PHILLIPS HOSPITAL,247
ORANGE,120002,Available,ORLANDO HEALTH DR P PHILLIPS HOSPITAL,1
ORANGE,120002,Available Capacity,ORLANDO HEALTH DR P PHILLIPS HOSPITAL,0.004032258
ORANGE,120002,Total Staffed Bed Capacity,ORLANDO HEALTH DR P PHILLIPS HOSPITAL,248
ORANGE,120003,Bed Census,ADVENTHEALTH APOPKA,96
ORANGE,120003,Available,ADVENTHEALTH APOPKA,24
ORANGE,120003,Available Capacity,ADVENTHEALTH APOPKA,0.2
ORANGE,120003,Total Staffed Bed Capacity,ADVENTHEALTH APOPKA,120
ORANGE,23960043,Bed Census,SELECT SPECIALTY HOSPITAL - ORLANDO (NORTH CAMPUS),31
ORANGE,23960043,Available,SELECT SPECIALTY HOSPITAL - ORLANDO (NORTH CAMPUS),4
ORANGE,23960043,Available Capacity,SELECT SPECIALTY HOSPITAL - ORLANDO (NORTH CAMPUS),0.114285714
ORANGE,23960043,Total Staffed Bed Capacity,SELECT SPECIALTY HOSPITAL - ORLANDO (NORTH CAMPUS),35
ORANGE,23960068,Bed Census,SELECT SPECIALTY HOSPITAL - ORLANDO (SOUTH CAMPUS),64
ORANGE,23960068,Available,SELECT SPECIALTY HOSPITAL - ORLANDO (SOUTH CAMPUS),0
ORANGE,23960068,Available Capacity,SELECT SPECIALTY HOSPITAL - ORLANDO (SOUTH CAMPUS),0
ORANGE,23960068,Total Staffed Bed Capacity,SELECT SPECIALTY HOSPITAL - ORLANDO (SOUTH CAMPUS),64
ORANGE,23960083,Bed Census,CENTRAL FLORIDA BEHAVIORAL HOSPITAL,130
ORANGE,23960083,Available,CENTRAL FLORIDA BEHAVIORAL HOSPITAL,0
ORANGE,23960083,Available Capacity,CENTRAL FLORIDA BEHAVIORAL HOSPITAL,0
ORANGE,23960083,Total Staffed Bed Capacity,CENTRAL FLORIDA BEHAVIORAL HOSPITAL,130
ORANGE,23960096,Bed Census,NEMOURS CHILDREN'S HOSPITAL,69
ORANGE,23960096,Available,NEMOURS CHILDREN'S HOSPITAL,44
ORANGE,23960096,Available Capacity,NEMOURS CHILDREN'S HOSPITAL,0.389380531
ORANGE,23960096,Total Staffed Bed Capacity,NEMOURS CHILDREN'S HOSPITAL,113
OSCEOLA,100074,Bed Census,ORLANDO HEALTH ST CLOUD HOSPITAL,46
OSCEOLA,100074,Available,ORLANDO HEALTH ST CLOUD HOSPITAL,47
OSCEOLA,100074,Available Capacity,ORLANDO HEALTH ST CLOUD HOSPITAL,0.505376344
OSCEOLA,100074,Total Staffed Bed Capacity,ORLANDO HEALTH ST CLOUD HOSPITAL,93
OSCEOLA,100089,Bed Census,ADVENTHEALTH KISSIMMEE,124
OSCEOLA,100089,Available,ADVENTHEALTH KISSIMMEE,38
OSCEOLA,100089,Available Capacity,ADVENTHEALTH KISSIMMEE,0.234567901
OSCEOLA,100089,Total Staffed Bed Capacity,ADVENTHEALTH KISSIMMEE,162
OSCEOLA,100110,Bed Census,OSCEOLA REGIONAL MEDICAL CENTER,341
OSCEOLA,100110,Available,OSCEOLA REGIONAL MEDICAL CENTER,86
OSCEOLA,100110,Available Capacity,OSCEOLA REGIONAL MEDICAL CENTER,0.201405152
OSCEOLA,100110,Total Staffed Bed Capacity,OSCEOLA REGIONAL MEDICAL CENTER,427
OSCEOLA,23960017,Bed Census,ADVENTHEALTH CELEBRATION,202
OSCEOLA,23960017,Available,ADVENTHEALTH CELEBRATION,118
OSCEOLA,23960017,Available Capacity,ADVENTHEALTH CELEBRATION,0.36875
OSCEOLA,23960017,Total Staffed Bed Capacity,ADVENTHEALTH CELEBRATION,320
OSCEOLA,23960111,Bed Census,POINCIANA MEDICAL CENTER,44
OSCEOLA,23960111,Available,POINCIANA MEDICAL CENTER,32
OSCEOLA,23960111,Available Capacity,POINCIANA MEDICAL CENTER,0.421052632
OSCEOLA,23960111,Total Staffed Bed Capacity,POINCIANA MEDICAL CENTER,76
OSCEOLA,23960129,Bed Census,BLACKBERRY CENTER,63
OSCEOLA,23960129,Available,BLACKBERRY CENTER,1
OSCEOLA,23960129,Available Capacity,BLACKBERRY CENTER,0.015625
OSCEOLA,23960129,Total Staffed Bed Capacity,BLACKBERRY CENTER,64
PALM BEACH,100002,Bed Census,BETHESDA HOSPITAL EAST,262
PALM BEACH,100002,Available,BETHESDA HOSPITAL EAST,128
PALM BEACH,100002,Available Capacity,BETHESDA HOSPITAL EAST,0.328205128
PALM BEACH,100002,Total Staffed Bed Capacity,BETHESDA HOSPITAL EAST,390
PALM BEACH,100010,Bed Census,ST MARY'S MEDICAL CENTER,326
PALM BEACH,100010,Available,ST MARY'S MEDICAL CENTER,175
PALM BEACH,100010,Available Capacity,ST MARY'S MEDICAL CENTER,0.349301397
PALM BEACH,100010,Total Staffed Bed Capacity,ST MARY'S MEDICAL CENTER,501
PALM BEACH,100080,Bed Census,JFK MEDICAL CENTER,383
PALM BEACH,100080,Available,JFK MEDICAL CENTER,123
PALM BEACH,100080,Available Capacity,JFK MEDICAL CENTER,0.243083004
PALM BEACH,100080,Total Staffed Bed Capacity,JFK MEDICAL CENTER,506
PALM BEACH,100130,Bed Census,LAKESIDE MEDICAL CENTER,29
PALM BEACH,100130,Available,LAKESIDE MEDICAL CENTER,41
PALM BEACH,100130,Available Capacity,LAKESIDE MEDICAL CENTER,0.585714286
PALM BEACH,100130,Total Staffed Bed Capacity,LAKESIDE MEDICAL CENTER,70
PALM BEACH,100168,Bed Census,BOCA RATON REGIONAL HOSPITAL,263
PALM BEACH,100168,Available,BOCA RATON REGIONAL HOSPITAL,141
PALM BEACH,100168,Available Capacity,BOCA RATON REGIONAL HOSPITAL,0.349009901
PALM BEACH,100168,Total Staffed Bed Capacity,BOCA RATON REGIONAL HOSPITAL,404
PALM BEACH,100176,Bed Census,PALM BEACH GARDENS MEDICAL CENTER,135
PALM BEACH,100176,Available,PALM BEACH GARDENS MEDICAL CENTER,70
PALM BEACH,100176,Available Capacity,PALM BEACH GARDENS MEDICAL CENTER,0.341463415
PALM BEACH,100176,Total Staffed Bed Capacity,PALM BEACH GARDENS MEDICAL CENTER,205
PALM BEACH,100234,Bed Census,JFK MEDICAL CENTER NORTH CAMPUS,137
PALM BEACH,100234,Available,JFK MEDICAL CENTER NORTH CAMPUS,95
PALM BEACH,100234,Available Capacity,JFK MEDICAL CENTER NORTH CAMPUS,0.409482759
PALM BEACH,100234,Total Staffed Bed Capacity,JFK MEDICAL CENTER NORTH CAMPUS,232
PALM BEACH,100253,Bed Census,JUPITER MEDICAL CENTER,177
PALM BEACH,100253,Available,JUPITER MEDICAL CENTER,65
PALM BEACH,100253,Available Capacity,JUPITER MEDICAL CENTER,0.268595041
PALM BEACH,100253,Total Staffed Bed Capacity,JUPITER MEDICAL CENTER,242
PALM BEACH,100258,Bed Census,DELRAY MEDICAL CENTER,335
PALM BEACH,100258,Available,DELRAY MEDICAL CENTER,62
PALM BEACH,100258,Available Capacity,DELRAY MEDICAL CENTER,0.156171285
PALM BEACH,100258,Total Staffed Bed Capacity,DELRAY MEDICAL CENTER,397
PALM BEACH,104008,Bed Census,THE JEROME GOLDEN CENTER FOR BEHAVIORAL HEALTH INC,0
PALM BEACH,104008,Available,THE JEROME GOLDEN CENTER FOR BEHAVIORAL HEALTH INC,0
PALM BEACH,104008,Available Capacity,THE JEROME GOLDEN CENTER FOR BEHAVIORAL HEALTH INC,
PALM BEACH,104008,Total Staffed Bed Capacity,THE JEROME GOLDEN CENTER FOR BEHAVIORAL HEALTH INC,0
PALM BEACH,110006,Bed Census,PALMS WEST HOSPITAL,163
PALM BEACH,110006,Available,PALMS WEST HOSPITAL,41
PALM BEACH,110006,Available Capacity,PALMS WEST HOSPITAL,0.200980392
PALM BEACH,110006,Total Staffed Bed Capacity,PALMS WEST HOSPITAL,204
PALM BEACH,110008,Bed Census,WEST BOCA MEDICAL CENTER,83
PALM BEACH,110008,Available,WEST BOCA MEDICAL CENTER,133
PALM BEACH,110008,Available Capacity,WEST BOCA MEDICAL CENTER,0.615740741
PALM BEACH,110008,Total Staffed Bed Capacity,WEST BOCA MEDICAL CENTER,216
PALM BEACH,110010,Bed Census,WELLINGTON REGIONAL MEDICAL CENTER,195
PALM BEACH,110010,Available,WELLINGTON REGIONAL MEDICAL CENTER,16
PALM BEACH,110010,Available Capacity,WELLINGTON REGIONAL MEDICAL CENTER,0.075829384
PALM BEACH,110010,Total Staffed Bed Capacity,WELLINGTON REGIONAL MEDICAL CENTER,211
PALM BEACH,110403,Bed Census,GOOD SAMARITAN MEDICAL CENTER,166
PALM BEACH,110403,Available,GOOD SAMARITAN MEDICAL CENTER,14
PALM BEACH,110403,Available Capacity,GOOD SAMARITAN MEDICAL CENTER,0.077777778
PALM BEACH,110403,Total Staffed Bed Capacity,GOOD SAMARITAN MEDICAL CENTER,180
PALM BEACH,23960072,Bed Census,SELECT SPECIALTY HOSPITAL- PALM BEACH,56
PALM BEACH,23960072,Available,SELECT SPECIALTY HOSPITAL- PALM BEACH,4
PALM BEACH,23960072,Available Capacity,SELECT SPECIALTY HOSPITAL- PALM BEACH,0.066666667
PALM BEACH,23960072,Total Staffed Bed Capacity,SELECT SPECIALTY HOSPITAL- PALM BEACH,60
PALM BEACH,23960074,Bed Census,KINDRED HOSPITAL THE PALM BEACHES,46
PALM BEACH,23960074,Available,KINDRED HOSPITAL THE PALM BEACHES,24
PALM BEACH,23960074,Available Capacity,KINDRED HOSPITAL THE PALM BEACHES,0.342857143
PALM BEACH,23960074,Total Staffed Bed Capacity,KINDRED HOSPITAL THE PALM BEACHES,70
PALM BEACH,23960098,Bed Census,BETHESDA HOSPITAL WEST,61
PALM BEACH,23960098,Available,BETHESDA HOSPITAL WEST,9
PALM BEACH,23960098,Available Capacity,BETHESDA HOSPITAL WEST,0.128571429
PALM BEACH,23960098,Total Staffed Bed Capacity,BETHESDA HOSPITAL WEST,70
PASCO,100046,Bed Census,ADVENTHEALTH ZEPHYRHILLS,136
PASCO,100046,Available,ADVENTHEALTH ZEPHYRHILLS,14
PASCO,100046,Available Capacity,ADVENTHEALTH ZEPHYRHILLS,0.093333333
PASCO,100046,Total Staffed Bed Capacity,ADVENTHEALTH ZEPHYRHILLS,150
PASCO,100063,Bed Census,MORTON PLANT NORTH BAY HOSPITAL,134
PASCO,100063,Available,MORTON PLANT NORTH BAY HOSPITAL,21
PASCO,100063,Available Capacity,MORTON PLANT NORTH BAY HOSPITAL,0.135483871
PASCO,100063,Total Staffed Bed Capacity,MORTON PLANT NORTH BAY HOSPITAL,155
PASCO,100191,Bed Census,MEDICAL CENTER OF TRINITY,175
PASCO,100191,Available,MEDICAL CENTER OF TRINITY,132
PASCO,100191,Available Capacity,MEDICAL CENTER OF TRINITY,0.429967427
PASCO,100191,Total Staffed Bed Capacity,MEDICAL CENTER OF TRINITY,307
PASCO,100211,Bed Census,ADVENTHEALTH DADE CITY,86
PASCO,100211,Available,ADVENTHEALTH DADE CITY,12
PASCO,100211,Available Capacity,ADVENTHEALTH DADE CITY,0.122448980
PASCO,100211,Total Staffed Bed Capacity,ADVENTHEALTH DADE CITY,98
PASCO,100256,Bed Census,REGIONAL MEDICAL CENTER BAYONET POINT,257
PASCO,100256,Available,REGIONAL MEDICAL CENTER BAYONET POINT,33
PASCO,100256,Available Capacity,REGIONAL MEDICAL CENTER BAYONET POINT,0.113793103
PASCO,100256,Total Staffed Bed Capacity,REGIONAL MEDICAL CENTER BAYONET POINT,290
PASCO,23960082,Bed Census,ADVENTHEALTH CONNERTON,64
PASCO,23960082,Available,ADVENTHEALTH CONNERTON,1
PASCO,23960082,Available Capacity,ADVENTHEALTH CONNERTON,0.015384615
PASCO,23960082,Total Staffed Bed Capacity,ADVENTHEALTH CONNERTON,65
PASCO,23960099,Bed Census,ADVENTHEALTH WESLEY CHAPEL,117
PASCO,23960099,Available,ADVENTHEALTH WESLEY CHAPEL,0
PASCO,23960099,Available Capacity,ADVENTHEALTH WESLEY CHAPEL,0
PASCO,23960099,Total Staffed Bed Capacity,ADVENTHEALTH WESLEY CHAPEL,117
PASCO,23960102,Bed Census,MORTON PLANT NORTH BAY HOSPITAL RECOVERY CENTER,56
PASCO,23960102,Available,MORTON PLANT NORTH BAY HOSPITAL RECOVERY CENTER,0
PASCO,23960102,Available Capacity,MORTON PLANT NORTH BAY HOSPITAL RECOVERY CENTER,0
PASCO,23960102,Total Staffed Bed Capacity,MORTON PLANT NORTH BAY HOSPITAL RECOVERY CENTER,56
PASCO,23960110,Bed Census,MEDICAL CENTER OF TRINITY WEST PASCO CAMPUS,33
PASCO,23960110,Available,MEDICAL CENTER OF TRINITY WEST PASCO CAMPUS,29
PASCO,23960110,Available Capacity,MEDICAL CENTER OF TRINITY WEST PASCO CAMPUS,0.467741935
PASCO,23960110,Total Staffed Bed Capacity,MEDICAL CENTER OF TRINITY WEST PASCO CAMPUS,62
PASCO,23960114,Bed Census,NORTH TAMPA BEHAVIORAL HEALTH,83
PASCO,23960114,Available,NORTH TAMPA BEHAVIORAL HEALTH,43
PASCO,23960114,Available Capacity,NORTH TAMPA BEHAVIORAL HEALTH,0.341269841
PASCO,23960114,Total Staffed Bed Capacity,NORTH TAMPA BEHAVIORAL HEALTH,126
PINELLAS,100015,Bed Census,LARGO MEDICAL CENTER - INDIAN ROCKS,79
PINELLAS,100015,Available,LARGO MEDICAL CENTER - INDIAN ROCKS,13
PINELLAS,100015,Available Capacity,LARGO MEDICAL CENTER - INDIAN ROCKS,0.141304348
PINELLAS,100015,Total Staffed Bed Capacity,LARGO MEDICAL CENTER - INDIAN ROCKS,92
PINELLAS,100032,Bed Census,BAYFRONT HEALTH ST PETERSBURG,201
PINELLAS,100032,Available,BAYFRONT HEALTH ST PETERSBURG,209
PINELLAS,100032,Available Capacity,BAYFRONT HEALTH ST PETERSBURG,0.509756098
PINELLAS,100032,Total Staffed Bed Capacity,BAYFRONT HEALTH ST PETERSBURG,410
PINELLAS,100043,Bed Census,MEASE DUNEDIN HOSPITAL,110
PINELLAS,100043,Available,MEASE DUNEDIN HOSPITAL,49
PINELLAS,100043,Available Capacity,MEASE DUNEDIN HOSPITAL,0.308176101
PINELLAS,100043,Total Staffed Bed Capacity,MEASE DUNEDIN HOSPITAL,159
PINELLAS,100055,Bed Census,ADVENTHEALTH NORTH PINELLAS,101
PINELLAS,100055,Available,ADVENTHEALTH NORTH PINELLAS,16
PINELLAS,100055,Available Capacity,ADVENTHEALTH NORTH PINELLAS,0.136752137
PINELLAS,100055,Total Staffed Bed Capacity,ADVENTHEALTH NORTH PINELLAS,117
PINELLAS,100067,Bed Census,ST ANTHONYS HOSPITAL,294
PINELLAS,100067,Available,ST ANTHONYS HOSPITAL,68
PINELLAS,100067,Available Capacity,ST ANTHONYS HOSPITAL,0.187845304
PINELLAS,100067,Total Staffed Bed Capacity,ST ANTHONYS HOSPITAL,362
PINELLAS,100126,Bed Census,PALMS OF PASADENA HOSPITAL,56
PINELLAS,100126,Available,PALMS OF PASADENA HOSPITAL,213
PINELLAS,100126,Available Capacity,PALMS OF PASADENA HOSPITAL,0.791821561
PINELLAS,100126,Total Staffed Bed Capacity,PALMS OF PASADENA HOSPITAL,269
PINELLAS,100127,Bed Census,MORTON PLANT HOSPITAL,403
PINELLAS,100127,Available,MORTON PLANT HOSPITAL,29
PINELLAS,100127,Available Capacity,MORTON PLANT HOSPITAL,0.067129630
PINELLAS,100127,Total Staffed Bed Capacity,MORTON PLANT HOSPITAL,432
PINELLAS,100180,Bed Census,ST PETERSBURG GENERAL HOSPITAL,74
PINELLAS,100180,Available,ST PETERSBURG GENERAL HOSPITAL,45
PINELLAS,100180,Available Capacity,ST PETERSBURG GENERAL HOSPITAL,0.378151261
PINELLAS,100180,Total Staffed Bed Capacity,ST PETERSBURG GENERAL HOSPITAL,119
PINELLAS,100238,Bed Census,NORTHSIDE HOSPITAL,146
PINELLAS,100238,Available,NORTHSIDE HOSPITAL,101
PINELLAS,100238,Available Capacity,NORTHSIDE HOSPITAL,0.408906883
PINELLAS,100238,Total Staffed Bed Capacity,NORTHSIDE HOSPITAL,247
PINELLAS,100248,Bed Census,LARGO MEDICAL CENTER,211
PINELLAS,100248,Available,LARGO MEDICAL CENTER,87
PINELLAS,100248,Available Capacity,LARGO MEDICAL CENTER,0.291946309
PINELLAS,100248,Total Staffed Bed Capacity,LARGO MEDICAL CENTER,298
PINELLAS,100250,Bed Census,JOHNS HOPKINS ALL CHILDREN'S HOSPITAL,131
PINELLAS,100250,Available,JOHNS HOPKINS ALL CHILDREN'S HOSPITAL,30
PINELLAS,100250,Available Capacity,JOHNS HOPKINS ALL CHILDREN'S HOSPITAL,0.186335404
PINELLAS,100250,Total Staffed Bed Capacity,JOHNS HOPKINS ALL CHILDREN'S HOSPITAL,161
PINELLAS,104017,Bed Census,WINDMOOR HEALTHCARE OF CLEARWATER,74
PINELLAS,104017,Available,WINDMOOR HEALTHCARE OF CLEARWATER,32
PINELLAS,104017,Available Capacity,WINDMOOR HEALTHCARE OF CLEARWATER,0.301886792
PINELLAS,104017,Total Staffed Bed Capacity,WINDMOOR HEALTHCARE OF CLEARWATER,106
PINELLAS,110001,Bed Census,MEASE COUNTRYSIDE HOSPITAL,213
PINELLAS,110001,Available,MEASE COUNTRYSIDE HOSPITAL,45
PINELLAS,110001,Available Capacity,MEASE COUNTRYSIDE HOSPITAL,0.174418605
PINELLAS,110001,Total Staffed Bed Capacity,MEASE COUNTRYSIDE HOSPITAL,258
PINELLAS,110045,Bed Census,ENCOMPASS HEALTH REHABILITATION HOSPITAL OF LARGO,59
PINELLAS,110045,Available,ENCOMPASS HEALTH REHABILITATION HOSPITAL OF LARGO,5
PINELLAS,110045,Available Capacity,ENCOMPASS HEALTH REHABILITATION HOSPITAL OF LARGO,0.078125
PINELLAS,110045,Total Staffed Bed Capacity,ENCOMPASS HEALTH REHABILITATION HOSPITAL OF LARGO,64
PINELLAS,23960011,Bed Census,KINDRED HOSPITAL-BAY AREA-ST PETERSBURG,50
PINELLAS,23960011,Available,KINDRED HOSPITAL-BAY AREA-ST PETERSBURG,40
PINELLAS,23960011,Available Capacity,KINDRED HOSPITAL-BAY AREA-ST PETERSBURG,0.444444444
PINELLAS,23960011,Total Staffed Bed Capacity,KINDRED HOSPITAL-BAY AREA-ST PETERSBURG,90
PINELLAS,23960085,Bed Census,BAYCARE ALLIANT HOSPITAL,30
PINELLAS,23960085,Available,BAYCARE ALLIANT HOSPITAL,18
PINELLAS,23960085,Available Capacity,BAYCARE ALLIANT HOSPITAL,0.375
PINELLAS,23960085,Total Staffed Bed Capacity,BAYCARE ALLIANT HOSPITAL,48
POLK,100052,Bed Census,WINTER HAVEN HOSPITAL,309
POLK,100052,Available,WINTER HAVEN HOSPITAL,33
POLK,100052,Available Capacity,WINTER HAVEN HOSPITAL,0.096491228
POLK,100052,Total Staffed Bed Capacity,WINTER HAVEN HOSPITAL,342
POLK,100099,Bed Census,ADVENTHEALTH LAKE WALES,56
POLK,100099,Available,ADVENTHEALTH LAKE WALES,104
POLK,100099,Available Capacity,ADVENTHEALTH LAKE WALES,0.65
POLK,100099,Total Staffed Bed Capacity,ADVENTHEALTH LAKE WALES,160
POLK,100121,Bed Census,BARTOW REGIONAL MEDICAL CENTER,41
POLK,100121,Available,BARTOW REGIONAL MEDICAL CENTER,27
POLK,100121,Available Capacity,BARTOW REGIONAL MEDICAL CENTER,0.397058824
POLK,100121,Total Staffed Bed Capacity,BARTOW REGIONAL MEDICAL CENTER,68
POLK,100137,Bed Census,ADVENTHEALTH HEART OF FLORIDA,123
POLK,100137,Available,ADVENTHEALTH HEART OF FLORIDA,67
POLK,100137,Available Capacity,ADVENTHEALTH HEART OF FLORIDA,0.352631579
POLK,100137,Total Staffed Bed Capacity,ADVENTHEALTH HEART OF FLORIDA,190
POLK,100157,Bed Census,LAKELAND REGIONAL MEDICAL CENTER,702
POLK,100157,Available,LAKELAND REGIONAL MEDICAL CENTER,179
POLK,100157,Available Capacity,LAKELAND REGIONAL MEDICAL CENTER,0.203178207
POLK,100157,Total Staffed Bed Capacity,LAKELAND REGIONAL MEDICAL CENTER,881
POLK,120010,Bed Census,WINTER HAVEN WOMEN'S HOSPITAL,29
POLK,120010,Available,WINTER HAVEN WOMEN'S HOSPITAL,8
POLK,120010,Available Capacity,WINTER HAVEN WOMEN'S HOSPITAL,0.216216216
POLK,120010,Total Staffed Bed Capacity,WINTER HAVEN WOMEN'S HOSPITAL,37
PUTNAM,100232,Bed Census,PUTNAM COMMUNITY MEDICAL CENTER,67
PUTNAM,100232,Available,PUTNAM COMMUNITY MEDICAL CENTER,17
PUTNAM,100232,Available Capacity,PUTNAM COMMUNITY MEDICAL CENTER,0.202380952
PUTNAM,100232,Total Staffed Bed Capacity,PUTNAM COMMUNITY MEDICAL CENTER,84
SANTA ROSA,100048,Bed Census,JAY HOSPITAL,7
SANTA ROSA,100048,Available,JAY HOSPITAL,14
SANTA ROSA,100048,Available Capacity,JAY HOSPITAL,0.666666667
SANTA ROSA,100048,Total Staffed Bed Capacity,JAY HOSPITAL,21
SANTA ROSA,100124,Bed Census,SANTA ROSA MEDICAL CENTER,43
SANTA ROSA,100124,Available,SANTA ROSA MEDICAL CENTER,85
SANTA ROSA,100124,Available Capacity,SANTA ROSA MEDICAL CENTER,0.6640625
SANTA ROSA,100124,Total Staffed Bed Capacity,SANTA ROSA MEDICAL CENTER,128
SANTA ROSA,104027,Bed Census,WEST FLORIDA COMMUNITY CARE CENTER,0
SANTA ROSA,104027,Available,WEST FLORIDA COMMUNITY CARE CENTER,100
SANTA ROSA,104027,Available Capacity,WEST FLORIDA COMMUNITY CARE CENTER,1
SANTA ROSA,104027,Total Staffed Bed Capacity,WEST FLORIDA COMMUNITY CARE CENTER,100
SANTA ROSA,110003,Bed Census,GULF BREEZE HOSPITAL,59
SANTA ROSA,110003,Available,GULF BREEZE HOSPITAL,31
SANTA ROSA,110003,Available Capacity,GULF BREEZE HOSPITAL,0.344444444
SANTA ROSA,110003,Total Staffed Bed Capacity,GULF BREEZE HOSPITAL,90
SARASOTA,100070,Bed Census,VENICE REGIONAL BAYFRONT HEALTH,129
SARASOTA,100070,Available,VENICE REGIONAL BAYFRONT HEALTH,86
SARASOTA,100070,Available Capacity,VENICE REGIONAL BAYFRONT HEALTH,0.4
SARASOTA,100070,Total Staffed Bed Capacity,VENICE REGIONAL BAYFRONT HEALTH,215
SARASOTA,100087,Bed Census,SARASOTA MEMORIAL HOSPITAL,662
SARASOTA,100087,Available,SARASOTA MEMORIAL HOSPITAL,23
SARASOTA,100087,Available Capacity,SARASOTA MEMORIAL HOSPITAL,0.033576642
SARASOTA,100087,Total Staffed Bed Capacity,SARASOTA MEMORIAL HOSPITAL,685
SARASOTA,100166,Bed Census,DOCTORS HOSPITAL OF SARASOTA,125
SARASOTA,100166,Available,DOCTORS HOSPITAL OF SARASOTA,26
SARASOTA,100166,Available Capacity,DOCTORS HOSPITAL OF SARASOTA,0.172185430
SARASOTA,100166,Total Staffed Bed Capacity,DOCTORS HOSPITAL OF SARASOTA,151
SARASOTA,110004,Bed Census,ENGLEWOOD COMMUNITY HOSPITAL,49
SARASOTA,110004,Available,ENGLEWOOD COMMUNITY HOSPITAL,3
SARASOTA,110004,Available Capacity,ENGLEWOOD COMMUNITY HOSPITAL,0.057692308
SARASOTA,110004,Total Staffed Bed Capacity,ENGLEWOOD COMMUNITY HOSPITAL,52
SARASOTA,110013,Bed Census,ENCOMPASS HEALTH REHABILITATION HOSPITAL OF SARASOTA,85
SARASOTA,110013,Available,ENCOMPASS HEALTH REHABILITATION HOSPITAL OF SARASOTA,5
SARASOTA,110013,Available Capacity,ENCOMPASS HEALTH REHABILITATION HOSPITAL OF SARASOTA,0.055555556
SARASOTA,110013,Total Staffed Bed Capacity,ENCOMPASS HEALTH REHABILITATION HOSPITAL OF SARASOTA,90
SARASOTA,23960049,Bed Census,PAM SPECIALTY HOSPITAL OF SARASOTA,40
SARASOTA,23960049,Available,PAM SPECIALTY HOSPITAL OF SARASOTA,0
SARASOTA,23960049,Available Capacity,PAM SPECIALTY HOSPITAL OF SARASOTA,0
SARASOTA,23960049,Total Staffed Bed Capacity,PAM SPECIALTY HOSPITAL OF SARASOTA,40
SEMINOLE,100161,Bed Census,CENTRAL FLORIDA REGIONAL HOSPITAL,152
SEMINOLE,100161,Available,CENTRAL FLORIDA REGIONAL HOSPITAL,56
SEMINOLE,100161,Available Capacity,CENTRAL FLORIDA REGIONAL HOSPITAL,0.269230769
SEMINOLE,100161,Total Staffed Bed Capacity,CENTRAL FLORIDA REGIONAL HOSPITAL,208
SEMINOLE,100263,Bed Census,ORLANDO HEALTH SOUTH SEMINOLE HOSPITAL,154
SEMINOLE,100263,Available,ORLANDO HEALTH SOUTH SEMINOLE HOSPITAL,42
SEMINOLE,100263,Available Capacity,ORLANDO HEALTH SOUTH SEMINOLE HOSPITAL,0.214285714
SEMINOLE,100263,Total Staffed Bed Capacity,ORLANDO HEALTH SOUTH SEMINOLE HOSPITAL,196
SEMINOLE,120004,Bed Census,ADVENTHEALTH ALTAMONTE SPRINGS,273
SEMINOLE,120004,Available,ADVENTHEALTH ALTAMONTE SPRINGS,120
SEMINOLE,120004,Available Capacity,ADVENTHEALTH ALTAMONTE SPRINGS,0.305343511
SEMINOLE,120004,Total Staffed Bed Capacity,ADVENTHEALTH ALTAMONTE SPRINGS,393
SEMINOLE,23960115,Bed Census,ENCOMPASS HEALTH REHABILITATION HOSPITAL OF ALTAMONTE SPRINGS,60
SEMINOLE,23960115,Available,ENCOMPASS HEALTH REHABILITATION HOSPITAL OF ALTAMONTE SPRINGS,0
SEMINOLE,23960115,Available Capacity,ENCOMPASS HEALTH REHABILITATION HOSPITAL OF ALTAMONTE SPRINGS,0
SEMINOLE,23960115,Total Staffed Bed Capacity,ENCOMPASS HEALTH REHABILITATION HOSPITAL OF ALTAMONTE SPRINGS,60
SEMINOLE,23960121,Bed Census,OVIEDO MEDICAL CENTER,43
SEMINOLE,23960121,Available,OVIEDO MEDICAL CENTER,21
SEMINOLE,23960121,Available Capacity,OVIEDO MEDICAL CENTER,0.328125
SEMINOLE,23960121,Total Staffed Bed Capacity,OVIEDO MEDICAL CENTER,64
ST. JOHNS,100219,Bed Census,FLAGLER HOSPITAL,178
ST. JOHNS,100219,Available,FLAGLER HOSPITAL,153
ST. JOHNS,100219,Available Capacity,FLAGLER HOSPITAL,0.462235650
ST. JOHNS,100219,Total Staffed Bed Capacity,FLAGLER HOSPITAL,331
ST. LUCIE,100246,Bed Census,LAWNWOOD REGIONAL MEDICAL CENTER & HEART INSTITUTE,312
ST. LUCIE,100246,Available,LAWNWOOD REGIONAL MEDICAL CENTER & HEART INSTITUTE,80
ST. LUCIE,100246,Available Capacity,LAWNWOOD REGIONAL MEDICAL CENTER & HEART INSTITUTE,0.204081633
ST. LUCIE,100246,Total Staffed Bed Capacity,LAWNWOOD REGIONAL MEDICAL CENTER & HEART INSTITUTE,392
ST. LUCIE,100260,Bed Census,ST LUCIE MEDICAL CENTER,172
ST. LUCIE,100260,Available,ST LUCIE MEDICAL CENTER,35
ST. LUCIE,100260,Available Capacity,ST LUCIE MEDICAL CENTER,0.169082126
ST. LUCIE,100260,Total Staffed Bed Capacity,ST LUCIE MEDICAL CENTER,207
ST. LUCIE,110022,Bed Census,PORT ST LUCIE HOSPITAL,66
ST. LUCIE,110022,Available,PORT ST LUCIE HOSPITAL,9
ST. LUCIE,110022,Available Capacity,PORT ST LUCIE HOSPITAL,0.12
ST. LUCIE,110022,Total Staffed Bed Capacity,PORT ST LUCIE HOSPITAL,75
ST. LUCIE,23960108,Bed Census,CLEVELAND CLINIC TRADITION HOSPITAL,147
ST. LUCIE,23960108,Available,CLEVELAND CLINIC TRADITION HOSPITAL,30
ST. LUCIE,23960108,Available Capacity,CLEVELAND CLINIC TRADITION HOSPITAL,0.169491525
ST. LUCIE,23960108,Total Staffed Bed Capacity,CLEVELAND CLINIC TRADITION HOSPITAL,177
SUMTER,23960032,Bed Census,UF HEALTH THE VILLAGES HOSPITAL,206
SUMTER,23960032,Available,UF HEALTH THE VILLAGES HOSPITAL,101
SUMTER,23960032,Available Capacity,UF HEALTH THE VILLAGES HOSPITAL,0.328990228
SUMTER,23960032,Total Staffed Bed Capacity,UF HEALTH THE VILLAGES HOSPITAL,307
SUMTER,23960086,Bed Census,SELECT SPECIALTY HOSPITAL-THE VILLAGES INC,40
SUMTER,23960086,Available,SELECT SPECIALTY HOSPITAL-THE VILLAGES INC,0
SUMTER,23960086,Available Capacity,SELECT SPECIALTY HOSPITAL-THE VILLAGES INC,0
SUMTER,23960086,Total Staffed Bed Capacity,SELECT SPECIALTY HOSPITAL-THE VILLAGES INC,40
SUWANNEE,100146,Bed Census,LAKE CITY MEDICAL CENTER SUWANNEE CAMPUS,0
SUWANNEE,100146,Available,LAKE CITY MEDICAL CENTER SUWANNEE CAMPUS,0
SUWANNEE,100146,Available Capacity,LAKE CITY MEDICAL CENTER SUWANNEE CAMPUS,
SUWANNEE,100146,Total Staffed Bed Capacity,LAKE CITY MEDICAL CENTER SUWANNEE CAMPUS,0
TAYLOR,100106,Bed Census,DOCTORS' MEMORIAL HOSPITAL,1
TAYLOR,100106,Available,DOCTORS' MEMORIAL HOSPITAL,11
TAYLOR,100106,Available Capacity,DOCTORS' MEMORIAL HOSPITAL,0.916666667
TAYLOR,100106,Total Staffed Bed Capacity,DOCTORS' MEMORIAL HOSPITAL,12
UNION,100241,Bed Census,LAKE BUTLER HOSPITAL,6
UNION,100241,Available,LAKE BUTLER HOSPITAL,19
UNION,100241,Available Capacity,LAKE BUTLER HOSPITAL,0.76
UNION,100241,Total Staffed Bed Capacity,LAKE BUTLER HOSPITAL,25
UNION,110183,Bed Census,RECEPTION AND MEDICAL CENTER HOSPITAL,38
UNION,110183,Available,RECEPTION AND MEDICAL CENTER HOSPITAL,12
UNION,110183,Available Capacity,RECEPTION AND MEDICAL CENTER HOSPITAL,0.24
UNION,110183,Total Staffed Bed Capacity,RECEPTION AND MEDICAL CENTER HOSPITAL,50
VOLUSIA,100014,Bed Census,ADVENTHEALTH NEW SMYRNA BEACH,70
VOLUSIA,100014,Available,ADVENTHEALTH NEW SMYRNA BEACH,39
VOLUSIA,100014,Available Capacity,ADVENTHEALTH NEW SMYRNA BEACH,0.357798165
VOLUSIA,100014,Total Staffed Bed Capacity,ADVENTHEALTH NEW SMYRNA BEACH,109
VOLUSIA,100017,Bed Census,HALIFAX HEALTH MEDICAL CENTER,312
VOLUSIA,100017,Available,HALIFAX HEALTH MEDICAL CENTER,142
VOLUSIA,100017,Available Capacity,HALIFAX HEALTH MEDICAL CENTER,0.312775330
VOLUSIA,100017,Total Staffed Bed Capacity,HALIFAX HEALTH MEDICAL CENTER,454
VOLUSIA,100045,Bed Census,ADVENTHEALTH DELAND,108
VOLUSIA,100045,Available,ADVENTHEALTH DELAND,56
VOLUSIA,100045,Available Capacity,ADVENTHEALTH DELAND,0.341463415
VOLUSIA,100045,Total Staffed Bed Capacity,ADVENTHEALTH DELAND,164
VOLUSIA,100072,Bed Census,ADVENTHEALTH FISH MEMORIAL,157
VOLUSIA,100072,Available,ADVENTHEALTH FISH MEMORIAL,35
VOLUSIA,100072,Available Capacity,ADVENTHEALTH FISH MEMORIAL,0.182291667
VOLUSIA,100072,Total Staffed Bed Capacity,ADVENTHEALTH FISH MEMORIAL,192
VOLUSIA,100169,Bed Census,ADVENTHEALTH DAYTONA BEACH,286
VOLUSIA,100169,Available,ADVENTHEALTH DAYTONA BEACH,115
VOLUSIA,100169,Available Capacity,ADVENTHEALTH DAYTONA BEACH,0.286783042
VOLUSIA,100169,Total Staffed Bed Capacity,ADVENTHEALTH DAYTONA BEACH,401
VOLUSIA,110016,Bed Census,HALIFAX PSYCHIATRIC CENTER-NORTH,10
VOLUSIA,110016,Available,HALIFAX PSYCHIATRIC CENTER-NORTH,20
VOLUSIA,110016,Available Capacity,HALIFAX PSYCHIATRIC CENTER-NORTH,0.666666667
VOLUSIA,110016,Total Staffed Bed Capacity,HALIFAX PSYCHIATRIC CENTER-NORTH,30
VOLUSIA,23960051,Bed Census,HALIFAX HEALTH MEDICAL CENTER- PORT ORANGE,55
VOLUSIA,23960051,Available,HALIFAX HEALTH MEDICAL CENTER- PORT ORANGE,13
VOLUSIA,23960051,Available Capacity,HALIFAX HEALTH MEDICAL CENTER- PORT ORANGE,0.191176471
VOLUSIA,23960051,Total Staffed Bed Capacity,HALIFAX HEALTH MEDICAL CENTER- PORT ORANGE,68
VOLUSIA,23960120,Bed Census,SELECT SPECIALTY HOSPITAL - DAYTONA BEACH,29
VOLUSIA,23960120,Available,SELECT SPECIALTY HOSPITAL - DAYTONA BEACH,7
VOLUSIA,23960120,Available Capacity,SELECT SPECIALTY HOSPITAL - DAYTONA BEACH,0.194444444
VOLUSIA,23960120,Total Staffed Bed Capacity,SELECT SPECIALTY HOSPITAL - DAYTONA BEACH,36
VOLUSIA,23960152,Bed Census,HALIFAX HEALTH UF HEALTH MEDICAL CENTER OF DELTONA,20
VOLUSIA,23960152,Available,HALIFAX HEALTH UF HEALTH MEDICAL CENTER OF DELTONA,27
VOLUSIA,23960152,Available Capacity,HALIFAX HEALTH UF HEALTH MEDICAL CENTER OF DELTONA,0.574468085
VOLUSIA,23960152,Total Staffed Bed Capacity,HALIFAX HEALTH UF HEALTH MEDICAL CENTER OF DELTONA,47
WALTON,100081,Bed Census,HEALTHMARK REGIONAL MEDICAL CENTER,4
WALTON,100081,Available,HEALTHMARK REGIONAL MEDICAL CENTER,7
WALTON,100081,Available Capacity,HEALTHMARK REGIONAL MEDICAL CENTER,0.636363636
WALTON,100081,Total Staffed Bed Capacity,HEALTHMARK REGIONAL MEDICAL CENTER,11
WALTON,23960041,Bed Census,ASCENSION SACRED HEART EMERALD COAST,55
WALTON,23960041,Available,ASCENSION SACRED HEART EMERALD COAST,49
WALTON,23960041,Available Capacity,ASCENSION SACRED HEART EMERALD COAST,0.471153846
WALTON,23960041,Total Staffed Bed Capacity,ASCENSION SACRED HEART EMERALD COAST,104
WASHINGTON,100147,Bed Census,NORTHWEST FLORIDA COMMUNITY HOSPITAL,41
WASHINGTON,100147,Available,NORTHWEST FLORIDA COMMUNITY HOSPITAL,18
WASHINGTON,100147,Available Capacity,NORTHWEST FLORIDA COMMUNITY HOSPITAL,0.305084746
WASHINGTON,100147,Total Staffed Bed Capacity,NORTHWEST FLORIDA COMMUNITY HOSPITAL,59
All,All,Bed Census,All,"45,314"
All,All,Available,All,"16,061"
All,All,Available Capacity,All,0.261686354
All,All,Total Staffed Bed Capacity,All,"61,375"
